CREATE DATABASE  IF NOT EXISTS `ecg` /*!40100 DEFAULT CHARACTER SET utf8mb4 COLLATE utf8mb4_0900_ai_ci */ /*!80016 DEFAULT ENCRYPTION='N' */;
USE `ecg`;
-- MySQL dump 10.13  Distrib 8.0.41, for Win64 (x86_64)
--
-- Host: 127.0.0.1    Database: ecg
-- ------------------------------------------------------
-- Server version	8.0.41

/*!40101 SET @OLD_CHARACTER_SET_CLIENT=@@CHARACTER_SET_CLIENT */;
/*!40101 SET @OLD_CHARACTER_SET_RESULTS=@@CHARACTER_SET_RESULTS */;
/*!40101 SET @OLD_COLLATION_CONNECTION=@@COLLATION_CONNECTION */;
/*!50503 SET NAMES utf8 */;
/*!40103 SET @OLD_TIME_ZONE=@@TIME_ZONE */;
/*!40103 SET TIME_ZONE='+00:00' */;
/*!40014 SET @OLD_UNIQUE_CHECKS=@@UNIQUE_CHECKS, UNIQUE_CHECKS=0 */;
/*!40014 SET @OLD_FOREIGN_KEY_CHECKS=@@FOREIGN_KEY_CHECKS, FOREIGN_KEY_CHECKS=0 */;
/*!40101 SET @OLD_SQL_MODE=@@SQL_MODE, SQL_MODE='NO_AUTO_VALUE_ON_ZERO' */;
/*!40111 SET @OLD_SQL_NOTES=@@SQL_NOTES, SQL_NOTES=0 */;

--
-- Table structure for table `adscripcion`
--

DROP TABLE IF EXISTS `adscripcion`;
/*!40101 SET @saved_cs_client     = @@character_set_client */;
/*!50503 SET character_set_client = utf8mb4 */;
CREATE TABLE `adscripcion` (
  `idAdscripcion` int NOT NULL AUTO_INCREMENT,
  `instituto` varchar(80) DEFAULT NULL,
  `area` varchar(150) DEFAULT NULL,
  `nombramiento` varchar(10) DEFAULT NULL,
  `fechaIngreso` date DEFAULT NULL,
  `idInvestigador` int DEFAULT NULL,
  PRIMARY KEY (`idAdscripcion`),
  KEY `idInvestigador` (`idInvestigador`),
  CONSTRAINT `adscripcion_ibfk_1` FOREIGN KEY (`idInvestigador`) REFERENCES `investigador` (`idInvestigador`)
) ENGINE=InnoDB AUTO_INCREMENT=101 DEFAULT CHARSET=utf8mb4 COLLATE=utf8mb4_0900_ai_ci;
/*!40101 SET character_set_client = @saved_cs_client */;

--
-- Dumping data for table `adscripcion`
--

LOCK TABLES `adscripcion` WRITE;
/*!40000 ALTER TABLE `adscripcion` DISABLE KEYS */;
INSERT INTO `adscripcion` VALUES (1,'Instituto de Ciencias','Ciencias Computacionales','TC','2010-05-15',1),(2,'Instituto de Ingeniería','Ingeniería de Software','MT','2012-08-20',2),(3,'Instituto de Matemáticas','Matemáticas Aplicadas','TC','2009-03-10',3),(4,'Instituto de Física','Física Computacional','MT','2015-11-25',4),(5,'Instituto de Biotecnología','Bioinformática','TC','2013-07-18',5),(6,'Instituto de Ciencias','Inteligencia Artificial','MT','2014-09-30',6),(7,'Instituto de Ingeniería','Redes y Telecomunicaciones','TC','2011-02-14',7),(8,'Instituto de Matemáticas','Análisis Numérico','MT','2016-06-22',8),(9,'Instituto de Física','Simulación Computacional','TC','2012-04-05',9),(10,'Instituto de Biotecnología','Genómica Computacional','MT','2017-01-12',10),(11,'Instituto de Ciencias','Bases de Datos','TC','2010-10-08',11),(12,'Instituto de Ingeniería','Seguridad Informática','MT','2013-12-15',12),(13,'Instituto de Matemáticas','Teoría de la Computación','TC','2015-08-20',13),(14,'Instituto de Física','Física Cuántica','MT','2011-05-30',14),(15,'Instituto de Biotecnología','Biotecnología Molecular','TC','2014-03-25',15),(16,'Instituto de Ciencias','Machine Learning','MT','2016-11-10',16),(17,'Instituto de Ingeniería','Sistemas Distribuidos','TC','2012-07-05',17),(18,'Instituto de Matemáticas','Geometría Computacional','MT','2017-02-18',18),(19,'Instituto de Física','Mecánica Estadística','TC','2013-09-22',19),(20,'Instituto de Biotecnología','Biología Sintética','MT','2010-04-15',20),(21,'Instituto de Ciencias','Computación Gráfica','TC','2014-12-03',21),(22,'Instituto de Ingeniería','Arquitectura de Software','MT','2011-08-28',22),(23,'Instituto de Matemáticas','Topología Algebraica','TC','2015-06-14',23),(24,'Instituto de Física','Física de Materiales','MT','2012-03-09',24),(25,'Instituto de Biotecnología','Bioingeniería','TC','2016-10-20',25),(26,'Instituto de Ciencias','Procesamiento de Lenguaje','MT','2013-05-12',26),(27,'Instituto de Ingeniería','Internet de las Cosas','TC','2017-01-25',27),(28,'Instituto de Matemáticas','Análisis Complejo','MT','2011-09-18',28),(29,'Instituto de Física','Óptica Cuántica','TC','2014-07-30',29),(30,'Instituto de Biotecnología','Nanobiotecnología','MT','2010-02-14',30),(31,'Instituto de Ciencias','Visión por Computadora','TC','2015-11-05',31),(32,'Instituto de Ingeniería','Robótica','MT','2012-06-22',32),(33,'Instituto de Matemáticas','Teoría de Números','TC','2016-04-10',33),(34,'Instituto de Física','Física Nuclear','MT','2013-01-15',34),(35,'Instituto de Biotecnología','Biotecnología Ambiental','TC','2017-08-28',35),(36,'Instituto de Ciencias','Computación Cuántica','MT','2011-05-20',36),(37,'Instituto de Ingeniería','Sistemas Embebidos','TC','2014-12-12',37),(38,'Instituto de Matemáticas','Ecuaciones Diferenciales','MT','2010-09-05',38),(39,'Instituto de Física','Física Teórica','TC','2015-06-18',39),(40,'Instituto de Biotecnología','Biotecnología Alimentaria','MT','2012-03-30',40),(41,'Instituto de Ciencias','Realidad Virtual','TC','2016-11-15',41),(42,'Instituto de Ingeniería','Blockchain','MT','2013-08-22',42),(43,'Instituto de Matemáticas','Probabilidad y Estadística','TC','2017-05-10',43),(44,'Instituto de Física','Física de Partículas','MT','2011-02-25',44),(45,'Instituto de Biotecnología','Biotecnología Industrial','TC','2014-10-08',45),(46,'Instituto de Ciencias','Ciberseguridad','MT','2010-07-12',46),(47,'Instituto de Ingeniería','Cloud Computing','TC','2015-04-05',47),(48,'Instituto de Matemáticas','Matemáticas Discretas','MT','2012-01-18',48),(49,'Instituto de Física','Física Médica','TC','2016-09-22',49),(50,'Instituto de Biotecnología','Biotecnología Vegetal','MT','2013-06-15',50),(51,'Instituto de Ciencias','Big Data','TC','2017-03-30',51),(52,'Instituto de Ingeniería','Inteligencia Artificial','MT','2011-12-12',52),(53,'Instituto de Matemáticas','Álgebra Lineal','TC','2014-09-05',53),(54,'Instituto de Física','Física Atmosférica','MT','2010-06-18',54),(55,'Instituto de Biotecnología','Biotecnología Animal','TC','2015-03-10',55),(56,'Instituto de Ciencias','Deep Learning','MT','2012-10-22',56),(57,'Instituto de Ingeniería','Sistemas Autónomos','TC','2016-07-15',57),(58,'Instituto de Matemáticas','Geometría Diferencial','MT','2013-04-28',58),(59,'Instituto de Física','Física de Fluidos','TC','2017-01-10',59),(60,'Instituto de Biotecnología','Biotecnología Farmacéutica','MT','2011-08-05',60),(61,'Instituto de Ciencias','Procesamiento de Señales','TC','2014-05-20',61),(62,'Instituto de Ingeniería','Computación Móvil','MT','2010-02-12',62),(63,'Instituto de Matemáticas','Teoría de Grafos','TC','2015-11-25',63),(64,'Instituto de Física','Física del Estado Sólido','MT','2012-08-18',64),(65,'Instituto de Biotecnología','Biotecnología Marina','TC','2016-06-10',65),(66,'Instituto de Ciencias','Sistemas de Recomendación','MT','2013-03-22',66),(67,'Instituto de Ingeniería','Realidad Aumentada','TC','2017-10-15',67),(68,'Instituto de Matemáticas','Análisis Funcional','MT','2011-07-28',68),(69,'Instituto de Física','Física Matemática','TC','2014-04-12',69),(70,'Instituto de Biotecnología','Biotecnología de Alimentos','MT','2010-01-05',70),(71,'Instituto de Ciencias','Web Semántica','TC','2015-09-18',71),(72,'Instituto de Ingeniería','Computación en la Nube','MT','2012-06-30',72),(73,'Instituto de Matemáticas','Teoría de Categorías','TC','2016-04-22',73),(74,'Instituto de Física','Física de Plasmas','MT','2013-01-15',74),(75,'Instituto de Biotecnología','Biotecnología Microbiana','TC','2017-08-28',75),(76,'Instituto de Ciencias','Ontologías','MT','2011-05-10',76),(77,'Instituto de Ingeniería','Sistemas Multiagente','TC','2014-12-03',77),(78,'Instituto de Matemáticas','Lógica Matemática','MT','2010-09-25',78),(79,'Instituto de Física','Física Estadística','TC','2015-07-08',79),(80,'Instituto de Biotecnología','Biotecnología de Proteínas','MT','2012-04-20',80),(81,'Instituto de Ciencias','Computación Afectiva','TC','2016-11-12',81),(82,'Instituto de Ingeniería','Interfaces Cerebro-Computadora','MT','2013-08-05',82),(83,'Instituto de Matemáticas','Teoría de Conjuntos','TC','2017-05-18',83),(84,'Instituto de Física','Física de Altas Energías','MT','2011-02-28',84),(85,'Instituto de Biotecnología','Biotecnología de Enzimas','TC','2014-10-10',85),(86,'Instituto de Ciencias','Computación Social','MT','2010-07-22',86),(87,'Instituto de Ingeniería','Computación Ubicua','TC','2015-04-15',87),(88,'Instituto de Matemáticas','Teoría de Modelos','MT','2012-01-28',88),(89,'Instituto de Física','Física de Semiconductores','TC','2016-09-10',89),(90,'Instituto de Biotecnología','Biotecnología de Tejidos','MT','2013-06-05',90),(91,'Instituto de Ciencias','Humanidades Digitales','TC','2017-03-18',91),(92,'Instituto de Ingeniería','Computación Verde','MT','2011-12-30',92),(93,'Instituto de Matemáticas','Teoría de la Medida','TC','2014-09-22',93),(94,'Instituto de Física','Física de Polímeros','MT','2010-06-15',94),(95,'Instituto de Biotecnología','Biotecnología de Vacunas','TC','2015-03-08',95),(96,'Instituto de Ciencias','Arte Generativo','MT','2012-10-20',96),(97,'Instituto de Ingeniería','Computación Autonómica','TC','2016-07-12',97),(98,'Instituto de Matemáticas','Teoría de Nudos','MT','2013-04-25',98),(99,'Instituto de Física','Física de Superficies','TC','2017-01-08',99),(100,'Instituto de Biotecnología','Biotecnología de Diagnóstico','MT','2011-08-20',100);
/*!40000 ALTER TABLE `adscripcion` ENABLE KEYS */;
UNLOCK TABLES;

--
-- Table structure for table `alumno`
--

DROP TABLE IF EXISTS `alumno`;
/*!40101 SET @saved_cs_client     = @@character_set_client */;
/*!50503 SET character_set_client = utf8mb4 */;
CREATE TABLE `alumno` (
  `idAlumno` int NOT NULL AUTO_INCREMENT,
  `numeroCuenta` varchar(25) DEFAULT NULL,
  `paterno` varchar(80) DEFAULT NULL,
  `materno` varchar(80) DEFAULT NULL,
  `nombre` varchar(80) DEFAULT NULL,
  `email` varchar(120) DEFAULT NULL,
  PRIMARY KEY (`idAlumno`)
) ENGINE=InnoDB AUTO_INCREMENT=101 DEFAULT CHARSET=utf8mb4 COLLATE=utf8mb4_0900_ai_ci;
/*!40101 SET character_set_client = @saved_cs_client */;

--
-- Dumping data for table `alumno`
--

LOCK TABLES `alumno` WRITE;
/*!40000 ALTER TABLE `alumno` DISABLE KEYS */;
INSERT INTO `alumno` VALUES (1,'20230001','Gómez','Pérez','Juan','juan.gomez@alumno.edu'),(2,'20230002','López','García','María','maria.lopez@alumno.edu'),(3,'20230003','Martínez','Sánchez','Carlos','carlos.martinez@alumno.edu'),(4,'20230004','Hernández','Rodríguez','Ana','ana.hernandez@alumno.edu'),(5,'20230005','González','Fernández','Pedro','pedro.gonzalez@alumno.edu'),(6,'20230006','Pérez','López','Laura','laura.perez@alumno.edu'),(7,'20230007','Sánchez','Martínez','Jorge','jorge.sanchez@alumno.edu'),(8,'20230008','Ramírez','Gómez','Sofía','sofia.ramirez@alumno.edu'),(9,'20230009','Flores','Díaz','Miguel','miguel.flores@alumno.edu'),(10,'20230010','Torres','Morales','Patricia','patricia.torres@alumno.edu'),(11,'20230011','Díaz','Vargas','Ricardo','ricardo.diaz@alumno.edu'),(12,'20230012','Vargas','Castro','Verónica','veronica.vargas@alumno.edu'),(13,'20230013','Castro','Romero','Fernando','fernando.castro@alumno.edu'),(14,'20230014','Romero','Suárez','Adriana','adriana.romero@alumno.edu'),(15,'20230015','Suárez','Mendoza','Alejandro','alejandro.suarez@alumno.edu'),(16,'20230016','Mendoza','Ortega','Gabriela','gabriela.mendoza@alumno.edu'),(17,'20230017','Ortega','Jiménez','Roberto','roberto.ortega@alumno.edu'),(18,'20230018','Jiménez','Ruiz','Claudia','claudia.jimenez@alumno.edu'),(19,'20230019','Ruiz','Navarro','Francisco','francisco.ruiz@alumno.edu'),(20,'20230020','Navarro','Molina','Isabel','isabel.navarro@alumno.edu'),(21,'20230021','Molina','Reyes','Daniel','daniel.molina@alumno.edu'),(22,'20230022','Reyes','Delgado','Lucía','lucia.reyes@alumno.edu'),(23,'20230023','Delgado','Cortés','Antonio','antonio.delgado@alumno.edu'),(24,'20230024','Cortés','Guerrero','Carmen','carmen.cortes@alumno.edu'),(25,'20230025','Guerrero','Santos','Raúl','raul.guerrero@alumno.edu'),(26,'20230026','Santos','Vega','Rosa','rosa.santos@alumno.edu'),(27,'20230027','Vega','Medina','Arturo','arturo.vega@alumno.edu'),(28,'20230028','Medina','Campos','Silvia','silvia.medina@alumno.edu'),(29,'20230029','Campos','Cruz','Eduardo','eduardo.campos@alumno.edu'),(30,'20230030','Cruz','Aguilar','Mariana','mariana.cruz@alumno.edu'),(31,'20230031','Aguilar','Ortiz','Javier','javier.aguilar@alumno.edu'),(32,'20230032','Ortiz','Moreno','Beatriz','beatriz.ortiz@alumno.edu'),(33,'20230033','Moreno','Méndez','Óscar','oscar.moreno@alumno.edu'),(34,'20230034','Méndez','Ramos','Lorena','lorena.mendez@alumno.edu'),(35,'20230035','Ramos','Chávez','Héctor','hector.ramos@alumno.edu'),(36,'20230036','Chávez','Miranda','Teresa','teresa.chavez@alumno.edu'),(37,'20230037','Miranda','Valdez','Sergio','sergio.miranda@alumno.edu'),(38,'20230038','Valdez','Espinoza','Alicia','alicia.valdez@alumno.edu'),(39,'20230039','Espinoza','Franco','Manuel','manuel.espinoza@alumno.edu'),(40,'20230040','Franco','Rangel','Diana','diana.franco@alumno.edu'),(41,'20230041','Rangel','Acosta','Alberto','alberto.rangel@alumno.edu'),(42,'20230042','Acosta','Pacheco','Olga','olga.acosta@alumno.edu'),(43,'20230043','Pacheco','Rosas','Raúl','raul.pacheco@alumno.edu'),(44,'20230044','Rosas','Salazar','Leticia','leticia.rosas@alumno.edu'),(45,'20230045','Salazar','Luna','Felipe','felipe.salazar@alumno.edu'),(46,'20230046','Luna','Gallegos','Elena','elena.luna@alumno.edu'),(47,'20230047','Gallegos','Cervantes','Gerardo','gerardo.gallegos@alumno.edu'),(48,'20230048','Cervantes','León','Norma','norma.cervantes@alumno.edu'),(49,'20230049','León','de la Cruz','Rubén','ruben.leon@alumno.edu'),(50,'20230050','de la Cruz','Cabrera','Yolanda','yolanda.delacruz@alumno.edu'),(51,'20230051','Cabrera','Mejía','Salvador','salvador.cabrera@alumno.edu'),(52,'20230052','Mejía','Zúñiga','Graciela','graciela.mejia@alumno.edu'),(53,'20230053','Zúñiga','Tapia','Joaquín','joaquin.zuniga@alumno.edu'),(54,'20230054','Tapia','Barrera','Irma','irma.tapia@alumno.edu'),(55,'20230055','Barrera','Núñez','Enrique','enrique.barrera@alumno.edu'),(56,'20230056','Núñez','Sandoval','Rocío','rocio.nunez@alumno.edu'),(57,'20230057','Sandoval','Solís','Alfonso','alfonso.sandoval@alumno.edu'),(58,'20230058','Solís','Cárdenas','Consuelo','consuelo.solis@alumno.edu'),(59,'20230059','Cárdenas','Orozco','Guillermo','guillermo.cardenas@alumno.edu'),(60,'20230060','Orozco','Peña','Estela','estela.orozco@alumno.edu'),(61,'20230061','Peña','Rivas','Ramiro','ramiro.pena@alumno.edu'),(62,'20230062','Rivas','Arias','Aurora','aurora.rivas@alumno.edu'),(63,'20230063','Arias','Blanco','Samuel','samuel.arias@alumno.edu'),(64,'20230064','Blanco','Maldonado','Victoria','victoria.blanco@alumno.edu'),(65,'20230065','Maldonado','Quintana','Hugo','hugo.maldonado@alumno.edu'),(66,'20230066','Quintana','Villarreal','Ruth','ruth.quintana@alumno.edu'),(67,'20230067','Villarreal','Ponce','Agustín','agustin.villarreal@alumno.edu'),(68,'20230068','Ponce','Zamora','Carolina','carolina.ponce@alumno.edu'),(69,'20230069','Zamora','Serrano','Federico','federico.zamora@alumno.edu'),(70,'20230070','Serrano','Castañeda','Luisa','luisa.serrano@alumno.edu'),(71,'20230071','Castañeda','Trejo','René','rene.castaneda@alumno.edu'),(72,'20230072','Trejo','Montes','Margarita','margarita.trejo@alumno.edu'),(73,'20230073','Montes','Fierro','Julián','julian.montes@alumno.edu'),(74,'20230074','Fierro','Rocha','Guadalupe','guadalupe.fierro@alumno.edu'),(75,'20230075','Rocha','Bernal','César','cesar.rocha@alumno.edu'),(76,'20230076','Bernal','Salinas','Marisol','marisol.bernal@alumno.edu'),(77,'20230077','Salinas','Arellano','Andrés','andres.salinas@alumno.edu'),(78,'20230078','Arellano','Bautista','Lourdes','lourdes.arellano@alumno.edu'),(79,'20230079','Bautista','Peralta','Rodolfo','rodolfo.bautista@alumno.edu'),(80,'20230080','Peralta','Iglesias','Mercedes','mercedes.peralta@alumno.edu'),(81,'20230081','Iglesias','Cuevas','Efraín','efrain.iglesias@alumno.edu'),(82,'20230082','Cuevas','Palacios','Beatriz','beatriz.cuevas@alumno.edu'),(83,'20230083','Palacios','Escobar','Rolando','rolando.palacios@alumno.edu'),(84,'20230084','Escobar','Venegas','Cecilia','cecilia.escobar@alumno.edu'),(85,'20230085','Venegas','Aguirre','Felipe','felipe.venegas@alumno.edu'),(86,'20230086','Aguirre','Pineda','Maricela','maricela.aguirre@alumno.edu'),(87,'20230087','Pineda','Valenzuela','Jorge','jorge.pineda@alumno.edu'),(88,'20230088','Valenzuela','Cordero','Reyna','reyna.valenzuela@alumno.edu'),(89,'20230089','Cordero','Collado','Santiago','santiago.cordero@alumno.edu'),(90,'20230090','Collado','Barajas','Tania','tania.collado@alumno.edu'),(91,'20230091','Barajas','Gallardo','Víctor','victor.barajas@alumno.edu'),(92,'20230092','Gallardo','de la Torre','Paulina','paulina.gallardo@alumno.edu'),(93,'20230093','de la Torre','Leyva','Humberto','humberto.delatorre@alumno.edu'),(94,'20230094','Leyva','Madrigal','Liliana','liliana.leyva@alumno.edu'),(95,'20230095','Madrigal','Gamez','Ernesto','ernesto.madrigal@alumno.edu'),(96,'20230096','Gamez','Téllez','Adriana','adriana.gamez@alumno.edu'),(97,'20230097','Téllez','Cano','Rodrigo','rodrigo.tellez@alumno.edu'),(98,'20230098','Cano','Esquivel','Alejandra','alejandra.cano@alumno.edu'),(99,'20230099','Esquivel','Segura','Federico','federico.esquivel@alumno.edu'),(100,'20230100','Segura','Ríos','Dulce','dulce.segura@alumno.edu');
/*!40000 ALTER TABLE `alumno` ENABLE KEYS */;
UNLOCK TABLES;

--
-- Table structure for table `alumno_curso`
--

DROP TABLE IF EXISTS `alumno_curso`;
/*!40101 SET @saved_cs_client     = @@character_set_client */;
/*!50503 SET character_set_client = utf8mb4 */;
CREATE TABLE `alumno_curso` (
  `idAlumnoCurso` int NOT NULL,
  `calificacion` float DEFAULT NULL,
  `idAlumno` int DEFAULT NULL,
  `idCurso` int DEFAULT NULL,
  PRIMARY KEY (`idAlumnoCurso`),
  KEY `idAlumno` (`idAlumno`),
  KEY `idCurso` (`idCurso`),
  CONSTRAINT `alumno_curso_ibfk_1` FOREIGN KEY (`idAlumno`) REFERENCES `alumno` (`idAlumno`),
  CONSTRAINT `alumno_curso_ibfk_2` FOREIGN KEY (`idCurso`) REFERENCES `curso` (`idCurso`)
) ENGINE=InnoDB DEFAULT CHARSET=utf8mb4 COLLATE=utf8mb4_0900_ai_ci;
/*!40101 SET character_set_client = @saved_cs_client */;

--
-- Dumping data for table `alumno_curso`
--

LOCK TABLES `alumno_curso` WRITE;
/*!40000 ALTER TABLE `alumno_curso` DISABLE KEYS */;
INSERT INTO `alumno_curso` VALUES (1,8.5,1,1),(2,9,2,1),(3,7.8,3,2),(4,8.2,4,2),(5,9.5,5,3),(6,8.7,6,3),(7,7.9,7,4),(8,8.8,8,4),(9,9.1,9,5),(10,8.4,10,5),(11,7.5,11,6),(12,8.9,12,6),(13,9.2,13,7),(14,8.1,14,7),(15,7.7,15,8),(16,8.6,16,8),(17,9.3,17,9),(18,8,18,9),(19,7.6,19,10),(20,8.3,20,10),(21,9.4,21,11),(22,8.7,22,11),(23,7.8,23,12),(24,8.9,24,12),(25,9,25,13),(26,8.2,26,13),(27,7.9,27,14),(28,8.5,28,14),(29,9.1,29,15),(30,8.4,30,15),(31,7.7,31,16),(32,8.8,32,16),(33,9.2,33,17),(34,8.1,34,17),(35,7.6,35,18),(36,8.9,36,18),(37,9.3,37,19),(38,8,38,19),(39,7.5,39,20),(40,8.7,40,20),(41,9.4,41,21),(42,8.2,42,21),(43,7.8,43,22),(44,8.6,44,22),(45,9.1,45,23),(46,8.3,46,23),(47,7.9,47,24),(48,8.8,48,24),(49,9,49,25),(50,8.5,50,25),(51,7.7,51,26),(52,8.9,52,26),(53,9.2,53,27),(54,8.1,54,27),(55,7.6,55,28),(56,8.4,56,28),(57,9.3,57,29),(58,8,58,29),(59,7.5,59,30),(60,8.7,60,30),(61,9.4,61,31),(62,8.2,62,31),(63,7.8,63,32),(64,8.6,64,32),(65,9.1,65,33),(66,8.3,66,33),(67,7.9,67,34),(68,8.8,68,34),(69,9,69,35),(70,8.5,70,35),(71,7.7,71,36),(72,8.9,72,36),(73,9.2,73,37),(74,8.1,74,37),(75,7.6,75,38),(76,8.4,76,38),(77,9.3,77,39),(78,8,78,39),(79,7.5,79,40),(80,8.7,80,40),(81,9.4,81,41),(82,8.2,82,41),(83,7.8,83,42),(84,8.6,84,42),(85,9.1,85,43),(86,8.3,86,43),(87,7.9,87,44),(88,8.8,88,44),(89,9,89,45),(90,8.5,90,45),(91,7.7,91,46),(92,8.9,92,46),(93,9.2,93,47),(94,8.1,94,47),(95,7.6,95,48),(96,8.4,96,48),(97,9.3,97,49),(98,8,98,49),(99,7.5,99,50),(100,8.7,100,50);
/*!40000 ALTER TABLE `alumno_curso` ENABLE KEYS */;
UNLOCK TABLES;

--
-- Table structure for table `asignatura`
--

DROP TABLE IF EXISTS `asignatura`;
/*!40101 SET @saved_cs_client     = @@character_set_client */;
/*!50503 SET character_set_client = utf8mb4 */;
CREATE TABLE `asignatura` (
  `idAsignatura` int NOT NULL AUTO_INCREMENT,
  `semestre` int DEFAULT NULL,
  `nombre` varchar(120) DEFAULT NULL,
  `idPrograma` int DEFAULT NULL,
  PRIMARY KEY (`idAsignatura`),
  KEY `idPrograma` (`idPrograma`),
  CONSTRAINT `asignatura_ibfk_1` FOREIGN KEY (`idPrograma`) REFERENCES `programa` (`idPrograma`)
) ENGINE=InnoDB AUTO_INCREMENT=116 DEFAULT CHARSET=utf8mb4 COLLATE=utf8mb4_0900_ai_ci;
/*!40101 SET character_set_client = @saved_cs_client */;

--
-- Dumping data for table `asignatura`
--

LOCK TABLES `asignatura` WRITE;
/*!40000 ALTER TABLE `asignatura` DISABLE KEYS */;
INSERT INTO `asignatura` VALUES (1,1,'Introducción a la Programación',1),(2,1,'Matemáticas Discretas',1),(3,1,'Fundamentos de Computación',1),(4,2,'Estructuras de Datos',1),(5,2,'Álgebra Lineal',1),(6,2,'Programación Orientada a Objetos',1),(7,3,'Bases de Datos',1),(8,3,'Análisis de Algoritmos',1),(9,3,'Arquitectura de Computadoras',1),(10,4,'Sistemas Operativos',1),(11,4,'Redes de Computadoras',1),(12,4,'Ingeniería de Software',1),(13,5,'Inteligencia Artificial',1),(14,5,'Compiladores',1),(15,5,'Computación Gráfica',1),(16,6,'Sistemas Distribuidos',1),(17,6,'Seguridad Informática',1),(18,6,'Interacción Humano-Computadora',1),(19,7,'Cloud Computing',1),(20,7,'Machine Learning',1),(21,7,'Procesamiento de Lenguaje Natural',1),(22,8,'Tópicos Avanzados en Computación',1),(23,8,'Proyecto Integrador',1),(24,1,'Fundamentos de Informática',2),(25,1,'Lógica Matemática',2),(26,1,'Algoritmos y Programación',2),(27,2,'Estructuras Discretas',2),(28,2,'Cálculo Diferencial',2),(29,2,'Programación Avanzada',2),(30,3,'Bases de Datos Relacionales',2),(31,3,'Teoría de la Computación',2),(32,3,'Sistemas Digitales',2),(33,4,'Administración de Bases de Datos',2),(34,4,'Redes y Comunicaciones',2),(35,4,'Desarrollo Web',2),(36,5,'Inteligencia Computacional',2),(37,5,'Lenguajes de Programación',2),(38,5,'Computación Móvil',2),(39,6,'Sistemas Paralelos',2),(40,6,'Criptografía',2),(41,6,'Interfaces de Usuario',2),(42,7,'Big Data',2),(43,7,'Deep Learning',2),(44,7,'Visión por Computadora',2),(45,8,'Seminario de Investigación',2),(46,8,'Proyecto Terminal',2),(47,1,'Programación Básica',3),(48,1,'Matemáticas para Ingeniería',3),(49,1,'Introducción a la Ingeniería de Software',3),(50,2,'Estructuras de Datos Avanzadas',3),(51,2,'Cálculo Integral',3),(52,2,'Programación Funcional',3),(53,3,'Bases de Datos NoSQL',3),(54,3,'Complejidad Computacional',3),(55,3,'Arquitectura de Software',3),(56,4,'Sistemas Operativos Avanzados',3),(57,4,'Protocolos de Comunicación',3),(58,4,'Metodologías Ágiles',3),(59,5,'Aprendizaje Automático',3),(60,5,'Diseño de Compiladores',3),(61,5,'Realidad Virtual',3),(62,6,'Sistemas en Tiempo Real',3),(63,6,'Seguridad en Desarrollo',3),(64,6,'Experiencia de Usuario',3),(65,7,'Edge Computing',3),(66,7,'Redes Neuronales',3),(67,7,'Procesamiento de Señales',3),(68,8,'Tópicos Selectos de Ingeniería',3),(69,8,'Proyecto de Titulación',3),(70,1,'Introducción a las Ciencias Computacionales',4),(71,1,'Lógica para Computación',4),(72,1,'Fundamentos de Algoritmos',4),(73,2,'Teoría de Grafos',4),(74,2,'Cálculo Vectorial',4),(75,2,'Programación Concurrente',4),(76,3,'Bases de Datos Distribuidas',4),(77,3,'Autómatas y Lenguajes Formales',4),(78,3,'Diseño Digital',4),(79,4,'Sistemas Operativos Distribuidos',4),(80,4,'Redes Avanzadas',4),(81,4,'Patrones de Diseño',4),(82,5,'Robótica',4),(83,5,'Optimización Combinatoria',4),(84,5,'Computación Cuántica',4),(85,6,'Sistemas Embebidos',4),(86,6,'Hacking Ético',4),(87,6,'Diseño de Interacción',4),(88,7,'Fog Computing',4),(89,7,'Procesamiento de Imágenes',4),(90,7,'Reconocimiento de Patrones',4),(91,8,'Seminario de Ciencias Computacionales',4),(92,8,'Tesis de Licenciatura',4),(93,1,'Fundamentos de TI',5),(94,1,'Matemáticas para TI',5),(95,1,'Introducción a las Tecnologías de Información',5),(96,2,'Estructuras de Datos para TI',5),(97,2,'Estadística',5),(98,2,'Programación Web',5),(99,3,'Administración de Bases de Datos',5),(100,3,'Sistemas de Información',5),(101,3,'Infraestructura de TI',5),(102,4,'Administración de Sistemas Operativos',5),(103,4,'Redes para Empresas',5),(104,4,'Desarrollo de Aplicaciones Empresariales',5),(105,5,'Minería de Datos',5),(106,5,'Seguridad en TI',5),(107,5,'Computación en la Nube',5),(108,6,'Sistemas ERP',6),(109,6,'Gobernanza de TI',6),(110,6,'Diseño de Experiencia de Usuario',6),(111,7,'Internet de las Cosas',6),(112,7,'Inteligencia de Negocios',6),(113,7,'Blockchain',6),(114,8,'Gestión de Proyectos TI',6),(115,8,'Proyecto Integrador de TI',6);
/*!40000 ALTER TABLE `asignatura` ENABLE KEYS */;
UNLOCK TABLES;

--
-- Table structure for table `cuerpoacademico`
--

DROP TABLE IF EXISTS `cuerpoacademico`;
/*!40101 SET @saved_cs_client     = @@character_set_client */;
/*!50503 SET character_set_client = utf8mb4 */;
CREATE TABLE `cuerpoacademico` (
  `idCuerpo` int NOT NULL AUTO_INCREMENT,
  `nombre` varchar(250) DEFAULT NULL,
  `idIntegrante` int DEFAULT NULL,
  PRIMARY KEY (`idCuerpo`),
  KEY `idIntegrante` (`idIntegrante`),
  CONSTRAINT `cuerpoacademico_ibfk_1` FOREIGN KEY (`idIntegrante`) REFERENCES `integrante` (`idIntegrante`)
) ENGINE=InnoDB AUTO_INCREMENT=101 DEFAULT CHARSET=utf8mb4 COLLATE=utf8mb4_0900_ai_ci;
/*!40101 SET character_set_client = @saved_cs_client */;

--
-- Dumping data for table `cuerpoacademico`
--

LOCK TABLES `cuerpoacademico` WRITE;
/*!40000 ALTER TABLE `cuerpoacademico` DISABLE KEYS */;
INSERT INTO `cuerpoacademico` VALUES (1,'Ciencias Computacionales',1),(2,'Matemáticas Aplicadas',2),(3,'Ingeniería de Software',3),(4,'Inteligencia Artificial',4),(5,'Redes y Telecomunicaciones',5),(6,'Bases de Datos',6),(7,'Seguridad Informática',7),(8,'Sistemas Distribuidos',8),(9,'Computación Gráfica',9),(10,'Ingeniería de Requisitos',10),(11,'Arquitectura de Software',11),(12,'Desarrollo Web',12),(13,'Aplicaciones Móviles',13),(14,'Cloud Computing',14),(15,'Big Data',15),(16,'Machine Learning',16),(17,'Deep Learning',17),(18,'Procesamiento de Lenguaje Natural',18),(19,'Visión por Computadora',19),(20,'Robótica',20),(21,'Bioinformática',21),(22,'Computación Cuántica',22),(23,'Sistemas Embebidos',23),(24,'Internet de las Cosas',24),(25,'Realidad Virtual',25),(26,'Realidad Aumentada',26),(27,'Blockchain',27),(28,'Ciberseguridad',28),(29,'Análisis de Algoritmos',29),(30,'Teoría de la Computación',30),(31,'Lenguajes de Programación',31),(32,'Compiladores',32),(33,'Sistemas Operativos',33),(34,'Ingeniería de Pruebas',34),(35,'Calidad de Software',35),(36,'Interacción Humano-Computadora',36),(37,'Computación Educativa',37),(38,'Sistemas de Información',38),(39,'Gestión de Proyectos TI',39),(40,'Gobernanza de TI',40),(41,'Mineria de Datos',41),(42,'Visualización de Datos',42),(43,'Análisis de Sentimientos',43),(44,'Reconocimiento de Patrones',44),(45,'Sistemas Expertos',45),(46,'Agentes Inteligentes',46),(47,'Computación Evolutiva',47),(48,'Optimización Combinatoria',48),(49,'Computación Paralela',49),(50,'Computación en la Nube',50),(51,'Sistemas Colaborativos',51),(52,'Computación Ubicua',52),(53,'Computación Verde',53),(54,'Sistemas Autónomos',54),(55,'Computación Afectiva',55),(56,'Interfaces Cerebro-Computadora',56),(57,'Procesamiento de Señales',57),(58,'Sistemas de Recomendación',58),(59,'Web Semántica',59),(60,'Ontologías',60),(61,'Ingeniería del Conocimiento',61),(62,'Sistemas Multiagente',62),(63,'Computación Grid',63),(64,'Sistemas Tolerantes a Fallos',64),(65,'Computación Confiable',65),(66,'Sistemas Adaptativos',66),(67,'Computación Autonómica',67),(68,'Sistemas Cognitivos',68),(69,'Computación Neuromórfica',69),(70,'Sistemas Bioinspirados',70),(71,'Algoritmos Genéticos',71),(72,'Redes Neuronales',72),(73,'Lógica Difusa',73),(74,'Sistemas Complejos',74),(75,'Modelado y Simulación',75),(76,'Computación Científica',76),(77,'Análisis Numérico',77),(78,'Geometría Computacional',78),(79,'Topología Computacional',79),(80,'Teoría de Grafos',80),(81,'Criptografía',81),(82,'Esteganografía',82),(83,'Análisis Forense Digital',83),(84,'Derecho Informático',84),(85,'Ética en Computación',85),(86,'Computación Social',86),(87,'Periodismo de Datos',87),(88,'Humanidades Digitales',88),(89,'Arte Generativo',89),(90,'Música por Computadora',90),(91,'Diseño Generativo',91),(92,'Arquitectura Paramétrica',92),(93,'Fabricación Digital',93),(94,'Prototipado Rápido',94),(95,'Impresión 3D',95),(96,'Diseño de Interacción',96),(97,'Experiencia de Usuario',97),(98,'Diseño Centrado en el Usuario',98),(99,'Accesibilidad',99),(100,'Usabilidad',100);
/*!40000 ALTER TABLE `cuerpoacademico` ENABLE KEYS */;
UNLOCK TABLES;

--
-- Table structure for table `curso`
--

DROP TABLE IF EXISTS `curso`;
/*!40101 SET @saved_cs_client     = @@character_set_client */;
/*!50503 SET character_set_client = utf8mb4 */;
CREATE TABLE `curso` (
  `idCurso` int NOT NULL AUTO_INCREMENT,
  `periodo` varchar(30) DEFAULT NULL,
  `anio` int DEFAULT NULL,
  `grupo` int DEFAULT NULL,
  `idAsignatura` int DEFAULT NULL,
  `idProfesor` int DEFAULT NULL,
  PRIMARY KEY (`idCurso`),
  KEY `idAsignatura` (`idAsignatura`),
  KEY `idProfesor` (`idProfesor`),
  CONSTRAINT `curso_ibfk_1` FOREIGN KEY (`idAsignatura`) REFERENCES `asignatura` (`idAsignatura`),
  CONSTRAINT `curso_ibfk_2` FOREIGN KEY (`idProfesor`) REFERENCES `profesor` (`idProfesor`)
) ENGINE=InnoDB AUTO_INCREMENT=105 DEFAULT CHARSET=utf8mb4 COLLATE=utf8mb4_0900_ai_ci;
/*!40101 SET character_set_client = @saved_cs_client */;

--
-- Dumping data for table `curso`
--

LOCK TABLES `curso` WRITE;
/*!40000 ALTER TABLE `curso` DISABLE KEYS */;
INSERT INTO `curso` VALUES (1,'Primavera',2023,1,1,1),(2,'Primavera',2023,2,1,2),(3,'Primavera',2023,1,2,3),(4,'Primavera',2023,1,3,4),(5,'Primavera',2023,2,3,5),(6,'Primavera',2023,1,4,6),(7,'Primavera',2023,1,5,7),(8,'Primavera',2023,1,6,8),(9,'Primavera',2023,2,6,9),(10,'Primavera',2023,1,7,10),(11,'Primavera',2023,1,8,11),(12,'Primavera',2023,1,9,12),(13,'Primavera',2023,1,10,13),(14,'Primavera',2023,2,10,14),(15,'Primavera',2023,1,11,15),(16,'Primavera',2023,1,12,16),(17,'Primavera',2023,1,13,17),(18,'Primavera',2023,1,14,18),(19,'Primavera',2023,1,15,19),(20,'Primavera',2023,1,16,20),(21,'Primavera',2023,1,17,21),(22,'Primavera',2023,1,18,22),(23,'Primavera',2023,1,19,23),(24,'Primavera',2023,1,20,24),(25,'Primavera',2023,1,21,25),(26,'Primavera',2023,1,22,26),(27,'Primavera',2023,1,23,27),(28,'Primavera',2023,1,24,28),(29,'Primavera',2023,1,25,29),(30,'Primavera',2023,1,26,30),(31,'Primavera',2023,1,27,31),(32,'Primavera',2023,1,28,32),(33,'Primavera',2023,1,29,33),(34,'Primavera',2023,1,30,34),(35,'Primavera',2023,1,31,35),(36,'Primavera',2023,1,32,36),(37,'Primavera',2023,1,33,37),(38,'Primavera',2023,1,34,38),(39,'Primavera',2023,1,35,39),(40,'Primavera',2023,1,36,40),(41,'Primavera',2023,1,37,41),(42,'Primavera',2023,1,38,42),(43,'Primavera',2023,1,39,43),(44,'Primavera',2023,1,40,44),(45,'Primavera',2023,1,41,45),(46,'Primavera',2023,1,42,46),(47,'Primavera',2023,1,43,47),(48,'Primavera',2023,1,44,48),(49,'Primavera',2023,1,45,49),(50,'Primavera',2023,1,46,50),(51,'Primavera',2023,1,47,51),(52,'Primavera',2023,1,48,52),(53,'Primavera',2023,1,49,53),(54,'Primavera',2023,1,50,54),(55,'Primavera',2023,1,51,55),(56,'Primavera',2023,1,52,56),(57,'Primavera',2023,1,53,57),(58,'Primavera',2023,1,54,58),(59,'Primavera',2023,1,55,59),(60,'Primavera',2023,1,56,60),(61,'Primavera',2023,1,57,61),(62,'Primavera',2023,1,58,62),(63,'Primavera',2023,1,59,63),(64,'Primavera',2023,1,60,64),(65,'Primavera',2023,1,61,65),(66,'Primavera',2023,1,62,66),(67,'Primavera',2023,1,63,67),(68,'Primavera',2023,1,64,68),(69,'Primavera',2023,1,65,69),(70,'Primavera',2023,1,66,70),(71,'Primavera',2023,1,67,71),(72,'Primavera',2023,1,68,72),(73,'Primavera',2023,1,69,73),(74,'Primavera',2023,1,70,74),(75,'Primavera',2023,1,71,75),(76,'Primavera',2023,1,72,76),(77,'Primavera',2023,1,73,77),(78,'Primavera',2023,1,74,78),(79,'Primavera',2023,1,75,79),(80,'Primavera',2023,1,76,80),(81,'Primavera',2023,1,77,81),(82,'Primavera',2023,1,78,82),(83,'Primavera',2023,1,79,83),(84,'Primavera',2023,1,80,84),(85,'Primavera',2023,1,81,85),(86,'Primavera',2023,1,82,86),(87,'Primavera',2023,1,83,87),(88,'Primavera',2023,1,84,88),(89,'Primavera',2023,1,85,89),(90,'Primavera',2023,1,86,90),(91,'Primavera',2023,1,87,91),(92,'Primavera',2023,1,88,92),(93,'Primavera',2023,1,89,93),(94,'Primavera',2023,1,90,94),(95,'Primavera',2023,1,91,95),(96,'Primavera',2023,1,92,96),(97,'Primavera',2023,1,93,97),(98,'Primavera',2023,1,94,98),(99,'Primavera',2023,1,95,99),(100,'Primavera',2023,1,96,100),(101,'Primavera',2023,1,97,1),(102,'Primavera',2023,1,98,2),(103,'Primavera',2023,1,99,3),(104,'Primavera',2023,1,100,4);
/*!40000 ALTER TABLE `curso` ENABLE KEYS */;
UNLOCK TABLES;

--
-- Table structure for table `formacion`
--

DROP TABLE IF EXISTS `formacion`;
/*!40101 SET @saved_cs_client     = @@character_set_client */;
/*!50503 SET character_set_client = utf8mb4 */;
CREATE TABLE `formacion` (
  `idFormacion` int NOT NULL AUTO_INCREMENT,
  `grado` varchar(18) DEFAULT NULL,
  `institucion` varchar(80) DEFAULT NULL,
  `nombre` varchar(120) DEFAULT NULL,
  `fechaTermino` date DEFAULT NULL,
  `idInvestigador` int DEFAULT NULL,
  PRIMARY KEY (`idFormacion`),
  KEY `idInvestigador` (`idInvestigador`),
  CONSTRAINT `formacion_ibfk_1` FOREIGN KEY (`idInvestigador`) REFERENCES `investigador` (`idInvestigador`)
) ENGINE=InnoDB AUTO_INCREMENT=101 DEFAULT CHARSET=utf8mb4 COLLATE=utf8mb4_0900_ai_ci;
/*!40101 SET character_set_client = @saved_cs_client */;

--
-- Dumping data for table `formacion`
--

LOCK TABLES `formacion` WRITE;
/*!40000 ALTER TABLE `formacion` DISABLE KEYS */;
INSERT INTO `formacion` VALUES (1,'Doctorado','Universidad Nacional','Ciencias Computacionales','2008-05-20',1),(2,'Licenciatura','Instituto Tecnológico','Ingeniería de Software','2005-08-15',2),(3,'Doctorado','Universidad Autónoma','Matemáticas Aplicadas','2007-03-10',3),(4,'Licenciatura','Universidad Politécnica','Física Computacional','2010-11-25',4),(5,'Doctorado','Instituto de Biología','Bioinformática','2011-07-18',5),(6,'Licenciatura','Universidad Tecnológica','Inteligencia Artificial','2009-09-30',6),(7,'Doctorado','Universidad Nacional','Redes y Telecomunicaciones','2009-02-14',7),(8,'Licenciatura','Instituto de Matemáticas','Análisis Numérico','2011-06-22',8),(9,'Doctorado','Universidad Autónoma','Simulación Computacional','2010-04-05',9),(10,'Licenciatura','Instituto de Biotecnología','Genómica Computacional','2012-01-12',10),(11,'Doctorado','Universidad Politécnica','Bases de Datos','2008-10-08',11),(12,'Licenciatura','Universidad Tecnológica','Seguridad Informática','2008-12-15',12),(13,'Doctorado','Instituto de Ciencias','Teoría de la Computación','2013-08-20',13),(14,'Licenciatura','Universidad Nacional','Física Cuántica','2006-05-30',14),(15,'Doctorado','Universidad Autónoma','Biotecnología Molecular','2012-03-25',15),(16,'Licenciatura','Instituto Tecnológico','Machine Learning','2011-11-10',16),(17,'Doctorado','Universidad Politécnica','Sistemas Distribuidos','2010-07-05',17),(18,'Licenciatura','Universidad Tecnológica','Geometría Computacional','2012-02-18',18),(19,'Doctorado','Instituto de Física','Mecánica Estadística','2011-09-22',19),(20,'Licenciatura','Universidad Nacional','Biología Sintética','2005-04-15',20),(21,'Doctorado','Universidad Autónoma','Computación Gráfica','2012-12-03',21),(22,'Licenciatura','Instituto de Ingeniería','Arquitectura de Software','2006-08-28',22),(23,'Doctorado','Universidad Politécnica','Topología Algebraica','2013-06-14',23),(24,'Licenciatura','Universidad Tecnológica','Física de Materiales','2007-03-09',24),(25,'Doctorado','Instituto de Biología','Bioingeniería','2014-10-20',25),(26,'Licenciatura','Universidad Nacional','Procesamiento de Lenguaje','2008-05-12',26),(27,'Doctorado','Universidad Autónoma','Internet de las Cosas','2015-01-25',27),(28,'Licenciatura','Instituto de Matemáticas','Análisis Complejo','2006-09-18',28),(29,'Doctorado','Universidad Politécnica','Óptica Cuántica','2012-07-30',29),(30,'Licenciatura','Universidad Tecnológica','Nanobiotecnología','2005-02-14',30),(31,'Doctorado','Instituto de Ciencias','Visión por Computadora','2013-11-05',31),(32,'Licenciatura','Universidad Nacional','Robótica','2007-06-22',32),(33,'Doctorado','Universidad Autónoma','Teoría de Números','2014-04-10',33),(34,'Licenciatura','Instituto de Física','Física Nuclear','2008-01-15',34),(35,'Doctorado','Universidad Politécnica','Biotecnología Ambiental','2015-08-28',35),(36,'Licenciatura','Universidad Tecnológica','Computación Cuántica','2006-05-20',36),(37,'Doctorado','Instituto de Ingeniería','Sistemas Embebidos','2012-12-12',37),(38,'Licenciatura','Universidad Nacional','Ecuaciones Diferenciales','2005-09-05',38),(39,'Doctorado','Universidad Autónoma','Física Teórica','2013-06-18',39),(40,'Licenciatura','Instituto de Biología','Biotecnología Alimentaria','2007-03-30',40),(41,'Doctorado','Universidad Politécnica','Realidad Virtual','2014-11-15',41),(42,'Licenciatura','Universidad Tecnológica','Blockchain','2008-08-22',42),(43,'Doctorado','Instituto de Matemáticas','Probabilidad y Estadística','2015-05-10',43),(44,'Licenciatura','Universidad Nacional','Física de Partículas','2006-02-25',44),(45,'Doctorado','Universidad Autónoma','Biotecnología Industrial','2012-10-08',45),(46,'Licenciatura','Instituto de Ciencias','Ciberseguridad','2005-07-12',46),(47,'Doctorado','Universidad Politécnica','Cloud Computing','2013-04-05',47),(48,'Licenciatura','Universidad Tecnológica','Matemáticas Discretas','2007-01-18',48),(49,'Doctorado','Instituto de Física','Física Médica','2014-09-22',49),(50,'Licenciatura','Universidad Nacional','Biotecnología Vegetal','2008-06-15',50),(51,'Doctorado','Universidad Autónoma','Big Data','2015-03-30',51),(52,'Licenciatura','Instituto de Ingeniería','Inteligencia Artificial','2006-12-12',52),(53,'Doctorado','Universidad Politécnica','Álgebra Lineal','2012-09-05',53),(54,'Licenciatura','Universidad Tecnológica','Física Atmosférica','2005-06-18',54),(55,'Doctorado','Instituto de Biología','Biotecnología Animal','2013-03-10',55),(56,'Licenciatura','Universidad Nacional','Deep Learning','2007-10-22',56),(57,'Doctorado','Universidad Autónoma','Sistemas Autónomos','2014-07-15',57),(58,'Licenciatura','Instituto de Matemáticas','Geometría Diferencial','2008-04-28',58),(59,'Doctorado','Universidad Politécnica','Física de Fluidos','2015-01-10',59),(60,'Licenciatura','Universidad Tecnológica','Biotecnología Farmacéutica','2006-08-05',60),(61,'Doctorado','Instituto de Ciencias','Procesamiento de Señales','2012-05-20',61),(62,'Licenciatura','Universidad Nacional','Computación Móvil','2005-02-12',62),(63,'Doctorado','Universidad Autónoma','Teoría de Grafos','2013-11-25',63),(64,'Licenciatura','Instituto de Física','Física del Estado Sólido','2007-08-18',64),(65,'Doctorado','Universidad Politécnica','Biotecnología Marina','2014-06-10',65),(66,'Licenciatura','Universidad Tecnológica','Sistemas de Recomendación','2008-03-22',66),(67,'Doctorado','Instituto de Ingeniería','Realidad Aumentada','2015-10-15',67),(68,'Licenciatura','Universidad Nacional','Análisis Funcional','2006-07-28',68),(69,'Doctorado','Universidad Autónoma','Física Matemática','2012-04-12',69),(70,'Licenciatura','Instituto de Biología','Biotecnología de Alimentos','2005-01-05',70),(71,'Doctorado','Universidad Politécnica','Web Semántica','2013-09-18',71),(72,'Licenciatura','Universidad Tecnológica','Computación en la Nube','2007-06-30',72),(73,'Doctorado','Instituto de Matemáticas','Teoría de Categorías','2014-04-22',73),(74,'Licenciatura','Universidad Nacional','Física de Plasmas','2008-01-15',74),(75,'Doctorado','Universidad Autónoma','Biotecnología Microbiana','2015-08-28',75),(76,'Licenciatura','Instituto de Ciencias','Ontologías','2006-05-10',76),(77,'Doctorado','Universidad Politécnica','Sistemas Multiagente','2012-12-03',77),(78,'Licenciatura','Universidad Tecnológica','Lógica Matemática','2005-09-25',78),(79,'Doctorado','Instituto de Física','Física Estadística','2013-07-08',79),(80,'Licenciatura','Universidad Nacional','Biotecnología de Proteínas','2007-04-20',80),(81,'Doctorado','Universidad Autónoma','Computación Afectiva','2014-11-12',81),(82,'Licenciatura','Instituto de Ingeniería','Interfaces Cerebro-Computadora','2008-08-05',82),(83,'Doctorado','Universidad Politécnica','Teoría de Conjuntos','2015-05-18',83),(84,'Licenciatura','Universidad Tecnológica','Física de Altas Energías','2006-02-28',84),(85,'Doctorado','Instituto de Biología','Biotecnología de Enzimas','2012-10-10',85),(86,'Licenciatura','Universidad Nacional','Computación Social','2005-07-22',86),(87,'Doctorado','Universidad Autónoma','Computación Ubicua','2013-04-15',87),(88,'Licenciatura','Instituto de Matemáticas','Teoría de Modelos','2007-01-28',88),(89,'Doctorado','Universidad Politécnica','Física de Semiconductores','2014-09-10',89),(90,'Licenciatura','Universidad Tecnológica','Biotecnología de Tejidos','2008-06-05',90),(91,'Doctorado','Instituto de Ciencias','Humanidades Digitales','2015-03-18',91),(92,'Licenciatura','Universidad Nacional','Computación Verde','2006-12-30',92),(93,'Doctorado','Universidad Autónoma','Teoría de la Medida','2012-09-22',93),(94,'Licenciatura','Instituto de Física','Física de Polímeros','2005-06-15',94),(95,'Doctorado','Universidad Politécnica','Biotecnología de Vacunas','2013-03-08',95),(96,'Licenciatura','Universidad Tecnológica','Arte Generativo','2007-10-20',96),(97,'Doctorado','Instituto de Ingeniería','Computación Autonómica','2014-07-12',97),(98,'Licenciatura','Universidad Nacional','Teoría de Nudos','2008-04-25',98),(99,'Doctorado','Universidad Autónoma','Física de Superficies','2015-01-08',99),(100,'Licenciatura','Instituto de Biología','Biotecnología de Diagnóstico','2006-08-20',100);
/*!40000 ALTER TABLE `formacion` ENABLE KEYS */;
UNLOCK TABLES;

--
-- Table structure for table `integrante`
--

DROP TABLE IF EXISTS `integrante`;
/*!40101 SET @saved_cs_client     = @@character_set_client */;
/*!50503 SET character_set_client = utf8mb4 */;
CREATE TABLE `integrante` (
  `idIntegrante` int NOT NULL AUTO_INCREMENT,
  `paterno` varchar(90) DEFAULT NULL,
  `materno` varchar(90) DEFAULT NULL,
  `nombre` varchar(110) DEFAULT NULL,
  PRIMARY KEY (`idIntegrante`)
) ENGINE=InnoDB AUTO_INCREMENT=207 DEFAULT CHARSET=utf8mb4 COLLATE=utf8mb4_0900_ai_ci;
/*!40101 SET character_set_client = @saved_cs_client */;

--
-- Dumping data for table `integrante`
--

LOCK TABLES `integrante` WRITE;
/*!40000 ALTER TABLE `integrante` DISABLE KEYS */;
INSERT INTO `integrante` VALUES (1,'García','López','Juan'),(2,'Martínez','Sánchez','María'),(3,'Rodríguez','Pérez','Carlos'),(4,'Hernández','Gómez','Ana'),(5,'López','Díaz','Pedro'),(6,'González','Fernández','Laura'),(7,'Pérez','Martínez','Jorge'),(8,'Sánchez','Romero','Sofía'),(9,'Ramírez','Alvarez','Miguel'),(10,'Flores','Morales','Patricia'),(11,'Torres','Ortega','Ricardo'),(12,'Díaz','Castillo','Verónica'),(13,'Vargas','Ríos','Fernando'),(14,'Castro','Mendoza','Adriana'),(15,'Romero','Guerrero','Alejandro'),(16,'Suárez','Juárez','Gabriela'),(17,'Mendoza','Vega','Roberto'),(18,'Ortega','Silva','Claudia'),(19,'Jiménez','Reyes','Francisco'),(20,'Ruiz','Cruz','Isabel'),(21,'Navarro','Herrera','Daniel'),(22,'Molina','Medina','Lucía'),(23,'Reyes','Campos','Antonio'),(24,'Delgado','Ortiz','Carmen'),(25,'Cortés','Moreno','Raúl'),(26,'Guerrero','Aguilar','Rosa'),(27,'Santos','Ramos','Arturo'),(28,'Vega','Méndez','Silvia'),(29,'Medina','Sosa','Eduardo'),(30,'Campos','Chávez','Mariana'),(31,'Cruz','Contreras','Javier'),(32,'Aguilar','Miranda','Beatriz'),(33,'Ortiz','Valdez','Oscar'),(34,'Moreno','Espinoza','Lorena'),(35,'Méndez','Valencia','Héctor'),(36,'Ramos','Franco','Teresa'),(37,'Chávez','Rangel','Sergio'),(38,'Miranda','Acosta','Alicia'),(39,'Valdez','Pacheco','Manuel'),(40,'Espinoza','Rosas','Diana'),(41,'Franco','Salazar','Alberto'),(42,'Rangel','Luna','Olga'),(43,'Acosta','Gallegos','Raul'),(44,'Pacheco','Cervantes','Leticia'),(45,'Rosas','León','Felipe'),(46,'Salazar','de la O','Elena'),(47,'Luna','Cabrera','Gerardo'),(48,'Gallegos','Mejía','Norma'),(49,'Cervantes','Zúñiga','Rubén'),(50,'León','Tapia','Yolanda'),(51,'de la O','Barrera','Salvador'),(52,'Cabrera','Núñez','Graciela'),(53,'Mejía','Sandoval','Joaquín'),(54,'Zúñiga','Solís','Irma'),(55,'Tapia','Cárdenas','Enrique'),(56,'Barrera','Orozco','Rocio'),(57,'Núñez','Peña','Alfonso'),(58,'Sandoval','Rivas','Consuelo'),(59,'Solís','Arias','Guillermo'),(60,'Cárdenas','Blanco','Estela'),(61,'Orozco','Maldonado','Ramiro'),(62,'Peña','Quintana','Aurora'),(63,'Rivas','Villarreal','Samuel'),(64,'Arias','Ponce','Victoria'),(65,'Blanco','Zamora','Hugo'),(66,'Maldonado','Serrano','Ruth'),(67,'Quintana','Castañeda','Agustín'),(68,'Villarreal','Trejo','Carolina'),(69,'Ponce','Montes','Federico'),(70,'Zamora','Fierro','Luisa'),(71,'Serrano','Rocha','René'),(72,'Castañeda','Bernal','Margarita'),(73,'Trejo','Salinas','Julián'),(74,'Montes','Arellano','Guadalupe'),(75,'Fierro','Bautista','César'),(76,'Rocha','Peralta','Marisol'),(77,'Bernal','Iglesias','Andrés'),(78,'Salinas','Cuevas','Lourdes'),(79,'Arellano','Palacios','Rodolfo'),(80,'Bautista','Escobar','Mercedes'),(81,'Peralta','Venegas','Efraín'),(82,'Iglesias','Aguirre','Beatriz'),(83,'Cuevas','Pineda','Rolando'),(84,'Palacios','Valenzuela','Cecilia'),(85,'Escobar','Cordero','Felipe'),(86,'Venegas','Collado','Maricela'),(87,'Aguirre','Barajas','Jorge'),(88,'Pineda','Gallardo','Reyna'),(89,'Valenzuela','de la Torre','Santiago'),(90,'Cordero','Leyva','Tania'),(91,'Collado','Madrigal','Víctor'),(92,'Barajas','Gamez','Paulina'),(93,'Gallardo','Téllez','Humberto'),(94,'de la Torre','Cano','Liliana'),(95,'Leyva','Esquivel','Ernesto'),(96,'Madrigal','Arredondo','Adriana'),(97,'Gamez','Duarte','Rodrigo'),(98,'Téllez','Partida','Alejandra'),(99,'Cano','Ríos','Federico'),(100,'Esquivel','Segura','Dulce'),(101,'Arredondo','Carrillo','Gilberto'),(102,'Duarte','Vázquez','Rocío'),(103,'Partida','Velasco','Mauricio'),(104,'Segura','Cervantes','Gabriela'),(105,'Carrillo','Lara','Arturo'),(106,'Vázquez','Márquez','Clara'),(107,'García','López','Juan Carlos'),(108,'Martínez','Sánchez','María Elena'),(109,'Rodríguez','Pérez','Carlos Alberto'),(110,'Hernández','Gómez','Ana Isabel'),(111,'López','Díaz','Pedro Antonio'),(112,'González','Fernández','Laura Patricia'),(113,'Pérez','Martínez','Jorge Luis'),(114,'Sánchez','Romero','Sofía Alejandra'),(115,'Ramírez','Alvarez','Miguel Ángel'),(116,'Flores','Morales','Patricia Guadalupe'),(117,'Torres','Ortega','Ricardo Javier'),(118,'Díaz','Castillo','Verónica Margarita'),(119,'Vargas','Ríos','Fernando José'),(120,'Castro','Mendoza','Adriana Beatriz'),(121,'Romero','Guerrero','Alejandro Martín'),(122,'Suárez','Juárez','Gabriela Fernanda'),(123,'Mendoza','Vega','Roberto Carlos'),(124,'Ortega','Silva','Claudia Marcela'),(125,'Jiménez','Reyes','Francisco Javier'),(126,'Ruiz','Cruz','Isabel Cristina'),(127,'Navarro','Herrera','Daniel Alejandro'),(128,'Molina','Medina','Lucía Gabriela'),(129,'Reyes','Campos','Antonio José'),(130,'Delgado','Ortiz','Carmen Rosa'),(131,'Cortés','Moreno','Raúl Eduardo'),(132,'Guerrero','Aguilar','Rosa María'),(133,'Santos','Ramos','Arturo Manuel'),(134,'Vega','Méndez','Silvia Patricia'),(135,'Medina','Sosa','Eduardo Alfonso'),(136,'Campos','Chávez','Mariana Elizabeth'),(137,'Cruz','Contreras','Javier Antonio'),(138,'Aguilar','Miranda','Beatriz Adriana'),(139,'Ortiz','Valdez','Óscar Rafael'),(140,'Moreno','Espinoza','Lorena Guadalupe'),(141,'Méndez','Valencia','Héctor Manuel'),(142,'Ramos','Franco','Teresa Margarita'),(143,'Chávez','Rangel','Sergio Arturo'),(144,'Miranda','Acosta','Alicia Beatriz'),(145,'Valdez','Pacheco','Manuel Alejandro'),(146,'Espinoza','Rosas','Diana Carolina'),(147,'Franco','Salazar','Alberto José'),(148,'Rangel','Luna','Olga Leticia'),(149,'Acosta','Gallegos','Raúl Fernando'),(150,'Pacheco','Cervantes','Leticia Margarita'),(151,'Rosas','León','Felipe de Jesús'),(152,'Salazar','de la Cruz','Elena Patricia'),(153,'Luna','Cabrera','Gerardo Antonio'),(154,'Gallegos','Mejía','Norma Angélica'),(155,'Cervantes','Zúñiga','Rubén Darío'),(156,'León','Tapia','Yolanda Guadalupe'),(157,'de la Cruz','Barrera','Salvador Ignacio'),(158,'Cabrera','Núñez','Graciela Margarita'),(159,'Mejía','Sandoval','Joaquín Alejandro'),(160,'Zúñiga','Solís','Irma Susana'),(161,'Tapia','Cárdenas','Enrique Roberto'),(162,'Barrera','Orozco','Rocío Alejandra'),(163,'Núñez','Peña','Alfonso Javier'),(164,'Sandoval','Rivas','Consuelo Margarita'),(165,'Solís','Arias','Guillermo Antonio'),(166,'Cárdenas','Blanco','Estela María'),(167,'Orozco','Maldonado','Ramiro José'),(168,'Peña','Quintana','Aurora Beatriz'),(169,'Rivas','Villarreal','Samuel Eduardo'),(170,'Arias','Ponce','Victoria Elena'),(171,'Blanco','Zamora','Hugo Fernando'),(172,'Maldonado','Serrano','Ruth Angélica'),(173,'Quintana','Castañeda','Agustín Roberto'),(174,'Villarreal','Trejo','Carolina Isabel'),(175,'Ponce','Montes','Federico José'),(176,'Zamora','Fierro','Luisa Fernanda'),(177,'Serrano','Rocha','René Alejandro'),(178,'Castañeda','Bernal','Margarita Rosa'),(179,'Trejo','Salinas','Julián Antonio'),(180,'Montes','Arellano','Guadalupe María'),(181,'Fierro','Bautista','César Augusto'),(182,'Rocha','Peralta','Marisol Guadalupe'),(183,'Bernal','Iglesias','Andrés Manuel'),(184,'Salinas','Cuevas','Lourdes Patricia'),(185,'Arellano','Palacios','Rodolfo Javier'),(186,'Bautista','Escobar','Mercedes Alejandra'),(187,'Peralta','Venegas','Efraín José'),(188,'Iglesias','Aguirre','Beatriz Elena'),(189,'Cuevas','Pineda','Rolando Antonio'),(190,'Palacios','Valenzuela','Cecilia Margarita'),(191,'Escobar','Cordero','Felipe de Jesús'),(192,'Venegas','Collado','Maricela Guadalupe'),(193,'Aguirre','Barajas','Jorge Alberto'),(194,'Pineda','Gallardo','Reyna Isabel'),(195,'Valenzuela','de la Torre','Santiago Manuel'),(196,'Cordero','Leyva','Tania Alejandra'),(197,'Collado','Madrigal','Víctor Manuel'),(198,'Barajas','Gamez','Paulina Margarita'),(199,'Gallardo','Téllez','Humberto José'),(200,'de la Torre','Cano','Liliana Patricia'),(201,'Leyva','Esquivel','Ernesto Javier'),(202,'Madrigal','Arredondo','Adriana Leticia'),(203,'Gamez','Duarte','Rodrigo Antonio'),(204,'Téllez','Partida','Alejandra Guadalupe'),(205,'Cano','Ríos','Federico José'),(206,'Esquivel','Segura','Dulce María');
/*!40000 ALTER TABLE `integrante` ENABLE KEYS */;
UNLOCK TABLES;

--
-- Table structure for table `integrante_linea`
--

DROP TABLE IF EXISTS `integrante_linea`;
/*!40101 SET @saved_cs_client     = @@character_set_client */;
/*!50503 SET character_set_client = utf8mb4 */;
CREATE TABLE `integrante_linea` (
  `idIntegranteLinea` int NOT NULL AUTO_INCREMENT,
  `vigente` tinyint(1) DEFAULT NULL,
  `inicio` date DEFAULT NULL,
  `termino` date DEFAULT NULL,
  `idIntegrante` int DEFAULT NULL,
  `idLinea` int DEFAULT NULL,
  PRIMARY KEY (`idIntegranteLinea`),
  KEY `idIntegrante` (`idIntegrante`),
  KEY `idLinea` (`idLinea`),
  CONSTRAINT `integrante_linea_ibfk_1` FOREIGN KEY (`idIntegrante`) REFERENCES `integrante` (`idIntegrante`),
  CONSTRAINT `integrante_linea_ibfk_2` FOREIGN KEY (`idLinea`) REFERENCES `linea` (`idLinea`)
) ENGINE=InnoDB AUTO_INCREMENT=201 DEFAULT CHARSET=utf8mb4 COLLATE=utf8mb4_0900_ai_ci;
/*!40101 SET character_set_client = @saved_cs_client */;

--
-- Dumping data for table `integrante_linea`
--

LOCK TABLES `integrante_linea` WRITE;
/*!40000 ALTER TABLE `integrante_linea` DISABLE KEYS */;
INSERT INTO `integrante_linea` VALUES (101,1,'2020-01-15','2024-12-31',1,1),(102,1,'2019-05-20','2023-11-30',2,2),(103,0,'2018-03-10','2022-06-15',3,3),(104,1,'2021-02-18','2025-10-20',4,4),(105,1,'2020-07-22','2024-09-30',5,5),(106,0,'2019-11-05','2023-08-12',6,6),(107,1,'2021-04-30','2025-12-31',7,7),(108,1,'2020-09-15','2024-07-20',8,8),(109,0,'2018-12-01','2022-05-30',9,9),(110,1,'2021-01-10','2025-06-15',10,10),(111,1,'2020-03-25','2024-11-30',11,11),(112,0,'2019-08-12','2023-04-18',12,12),(113,1,'2021-06-05','2025-09-22',13,13),(114,1,'2020-05-18','2024-08-14',14,14),(115,0,'2019-02-28','2023-01-15',15,15),(116,1,'2021-03-10','2025-07-30',16,16),(117,1,'2020-08-22','2024-10-31',17,17),(118,0,'2019-10-15','2023-05-20',18,18),(119,1,'2021-05-12','2025-11-15',19,19),(120,1,'2020-04-05','2024-06-30',20,20),(121,0,'2019-07-30','2023-03-10',21,21),(122,1,'2021-02-14','2025-08-25',22,22),(123,1,'2020-11-20','2024-12-15',23,23),(124,0,'2019-01-18','2022-09-30',24,24),(125,1,'2021-07-08','2025-10-10',25,25),(126,1,'2020-09-30','2024-11-20',26,26),(127,0,'2019-04-22','2023-02-15',27,27),(128,1,'2021-01-05','2025-05-30',28,28),(129,1,'2020-06-15','2024-09-18',29,29),(130,0,'2019-09-10','2023-07-22',30,30),(131,1,'2021-03-25','2025-12-10',31,31),(132,1,'2020-02-18','2024-08-05',32,32),(133,0,'2019-06-30','2023-04-12',33,33),(134,1,'2021-08-12','2025-11-30',34,34),(135,1,'2020-10-05','2024-12-20',35,35),(136,0,'2019-12-15','2023-10-08',36,36),(137,1,'2021-04-20','2025-09-15',37,37),(138,1,'2020-07-10','2024-10-25',38,38),(139,0,'2019-03-05','2023-01-30',39,39),(140,1,'2021-05-18','2025-08-10',40,40),(141,1,'2020-01-30','2024-07-15',41,41),(142,0,'2019-08-22','2023-06-20',42,42),(143,1,'2021-02-10','2025-10-30',43,43),(144,1,'2020-09-05','2024-11-12',44,44),(145,0,'2019-11-20','2023-09-18',45,45),(146,1,'2021-06-15','2025-12-05',46,46),(147,1,'2020-04-10','2024-08-22',47,47),(148,0,'2019-07-18','2023-05-30',48,48),(149,1,'2021-01-22','2025-07-10',49,49),(150,1,'2020-08-05','2024-10-18',50,50),(151,0,'2019-10-30','2023-08-25',51,51),(152,1,'2021-03-15','2025-09-30',52,52),(153,1,'2020-05-22','2024-12-10',53,53),(154,0,'2019-09-12','2023-07-15',54,54),(155,1,'2021-04-05','2025-10-20',55,55),(156,1,'2020-02-20','2024-08-30',56,56),(157,0,'2019-06-15','2023-04-22',57,57),(158,1,'2021-08-30','2025-11-15',58,58),(159,1,'2020-10-18','2024-12-05',59,59),(160,0,'2019-12-22','2023-10-30',60,60),(161,1,'2021-05-10','2025-09-25',61,61),(162,1,'2020-07-25','2024-11-08',62,62),(163,0,'2019-03-18','2023-02-10',63,63),(164,1,'2021-01-15','2025-06-20',64,64),(165,1,'2020-09-08','2024-12-22',65,65),(166,0,'2019-11-30','2023-09-15',66,66),(167,1,'2021-06-22','2025-10-30',67,67),(168,1,'2020-04-15','2024-09-05',68,68),(169,0,'2019-08-05','2023-06-18',69,69),(170,1,'2021-02-28','2025-08-12',70,70),(171,1,'2020-10-10','2024-11-25',71,71),(172,0,'2019-12-05','2023-10-20',72,72),(173,1,'2021-04-22','2025-09-15',73,73),(174,1,'2020-06-30','2024-12-08',74,74),(175,0,'2019-09-25','2023-07-30',75,75),(176,1,'2021-03-08','2025-10-10',76,76),(177,1,'2020-05-05','2024-09-22',77,77),(178,0,'2019-07-22','2023-05-15',78,78),(179,1,'2021-01-10','2025-07-25',79,79),(180,1,'2020-08-15','2024-11-18',80,80),(181,0,'2019-10-08','2023-08-30',81,81),(182,1,'2021-04-12','2025-10-05',82,82),(183,1,'2020-02-15','2024-08-20',83,83),(184,0,'2019-06-08','2023-04-25',84,84),(185,1,'2021-08-20','2025-11-30',85,85),(186,1,'2020-10-25','2024-12-15',86,86),(187,0,'2019-12-18','2023-10-22',87,87),(188,1,'2021-05-30','2025-09-18',88,88),(189,1,'2020-07-15','2024-11-25',89,89),(190,0,'2019-03-22','2023-02-05',90,90),(191,1,'2021-01-20','2025-06-30',91,91),(192,1,'2020-09-12','2024-12-08',92,92),(193,0,'2019-11-15','2023-09-20',93,93),(194,1,'2021-06-05','2025-10-15',94,94),(195,1,'2020-04-20','2024-09-10',95,95),(196,0,'2019-08-30','2023-06-25',96,96),(197,1,'2021-02-15','2025-08-22',97,97),(198,1,'2020-10-05','2024-11-30',98,98),(199,0,'2019-12-10','2023-10-15',99,99),(200,1,'2021-04-18','2025-09-25',100,100);
/*!40000 ALTER TABLE `integrante_linea` ENABLE KEYS */;
UNLOCK TABLES;

--
-- Table structure for table `investigador`
--

DROP TABLE IF EXISTS `investigador`;
/*!40101 SET @saved_cs_client     = @@character_set_client */;
/*!50503 SET character_set_client = utf8mb4 */;
CREATE TABLE `investigador` (
  `idInvestigador` int NOT NULL AUTO_INCREMENT,
  `paterno` varchar(80) DEFAULT NULL,
  `materno` varchar(80) DEFAULT NULL,
  `nombre` varchar(120) DEFAULT NULL,
  `orcid` varchar(30) DEFAULT NULL,
  `email` varchar(150) DEFAULT NULL,
  `movil` varchar(15) DEFAULT NULL,
  PRIMARY KEY (`idInvestigador`)
) ENGINE=InnoDB AUTO_INCREMENT=101 DEFAULT CHARSET=utf8mb4 COLLATE=utf8mb4_0900_ai_ci;
/*!40101 SET character_set_client = @saved_cs_client */;

--
-- Dumping data for table `investigador`
--

LOCK TABLES `investigador` WRITE;
/*!40000 ALTER TABLE `investigador` DISABLE KEYS */;
INSERT INTO `investigador` VALUES (1,'García','López','Juan Carlos','0000-0001-2345-6789','juan.garcia@email.com','5512345678'),(2,'Martínez','Sánchez','María Elena','0000-0002-3456-7890','maria.martinez@email.com','5523456789'),(3,'Rodríguez','Pérez','Carlos Alberto','0000-0003-4567-8901','carlos.rodriguez@email.com','5534567890'),(4,'Hernández','Gómez','Ana Isabel','0000-0004-5678-9012','ana.hernandez@email.com','5545678901'),(5,'López','Díaz','Pedro Antonio','0000-0005-6789-0123','pedro.lopez@email.com','5556789012'),(6,'González','Fernández','Laura Patricia','0000-0006-7890-1234','laura.gonzalez@email.com','5567890123'),(7,'Pérez','Martínez','Jorge Luis','0000-0007-8901-2345','jorge.perez@email.com','5578901234'),(8,'Sánchez','Romero','Sofía Alejandra','0000-0008-9012-3456','sofia.sanchez@email.com','5589012345'),(9,'Ramírez','Alvarez','Miguel Ángel','0000-0009-0123-4567','miguel.ramirez@email.com','5590123456'),(10,'Flores','Morales','Patricia Guadalupe','0000-0010-1234-5678','patricia.flores@email.com','5511234567'),(11,'Torres','Ortega','Ricardo Javier','0000-0011-2345-6789','ricardo.torres@email.com','5522345678'),(12,'Díaz','Castillo','Verónica Margarita','0000-0012-3456-7890','veronica.diaz@email.com','5533456789'),(13,'Vargas','Ríos','Fernando José','0000-0013-4567-8901','fernando.vargas@email.com','5544567890'),(14,'Castro','Mendoza','Adriana Beatriz','0000-0014-5678-9012','adriana.castro@email.com','5555678901'),(15,'Romero','Guerrero','Alejandro Martín','0000-0015-6789-0123','alejandro.romero@email.com','5566789012'),(16,'Suárez','Juárez','Gabriela Fernanda','0000-0016-7890-1234','gabriela.suarez@email.com','5577890123'),(17,'Mendoza','Vega','Roberto Carlos','0000-0017-8901-2345','roberto.mendoza@email.com','5588901234'),(18,'Ortega','Silva','Claudia Marcela','0000-0018-9012-3456','claudia.ortega@email.com','5599012345'),(19,'Jiménez','Reyes','Francisco Javier','0000-0019-0123-4567','francisco.jimenez@email.com','5510123456'),(20,'Ruiz','Cruz','Isabel Cristina','0000-0020-1234-5678','isabel.ruiz@email.com','5521234567'),(21,'Navarro','Herrera','Daniel Alejandro','0000-0021-2345-6789','daniel.navarro@email.com','5532345678'),(22,'Molina','Medina','Lucía Gabriela','0000-0022-3456-7890','lucia.molina@email.com','5543456789'),(23,'Reyes','Campos','Antonio José','0000-0023-4567-8901','antonio.reyes@email.com','5554567890'),(24,'Delgado','Ortiz','Carmen Rosa','0000-0024-5678-9012','carmen.delgado@email.com','5565678901'),(25,'Cortés','Moreno','Raúl Eduardo','0000-0025-6789-0123','raul.cortes@email.com','5576789012'),(26,'Guerrero','Aguilar','Rosa María','0000-0026-7890-1234','rosa.guerrero@email.com','5587890123'),(27,'Santos','Ramos','Arturo Manuel','0000-0027-8901-2345','arturo.santos@email.com','5598901234'),(28,'Vega','Méndez','Silvia Patricia','0000-0028-9012-3456','silvia.vega@email.com','5519012345'),(29,'Medina','Sosa','Eduardo Alfonso','0000-0029-0123-4567','eduardo.medina@email.com','5520123456'),(30,'Campos','Chávez','Mariana Elizabeth','0000-0030-1234-5678','mariana.campos@email.com','5531234567'),(31,'Cruz','Contreras','Javier Antonio','0000-0031-2345-6789','javier.cruz@email.com','5542345678'),(32,'Aguilar','Miranda','Beatriz Adriana','0000-0032-3456-7890','beatriz.aguilar@email.com','5553456789'),(33,'Ortiz','Valdez','Óscar Rafael','0000-0033-4567-8901','oscar.ortiz@email.com','5564567890'),(34,'Moreno','Espinoza','Lorena Guadalupe','0000-0034-5678-9012','lorena.moreno@email.com','5575678901'),(35,'Méndez','Valencia','Héctor Manuel','0000-0035-6789-0123','hector.mendez@email.com','5586789012'),(36,'Ramos','Franco','Teresa Margarita','0000-0036-7890-1234','teresa.ramos@email.com','5597890123'),(37,'Chávez','Rangel','Sergio Arturo','0000-0037-8901-2345','sergio.chavez@email.com','5518901234'),(38,'Miranda','Acosta','Alicia Beatriz','0000-0038-9012-3456','alicia.miranda@email.com','5529012345'),(39,'Valdez','Pacheco','Manuel Alejandro','0000-0039-0123-4567','manuel.valdez@email.com','5530123456'),(40,'Espinoza','Rosas','Diana Carolina','0000-0040-1234-5678','diana.espinoza@email.com','5541234567'),(41,'Franco','Salazar','Alberto José','0000-0041-2345-6789','alberto.franco@email.com','5552345678'),(42,'Rangel','Luna','Olga Leticia','0000-0042-3456-7890','olga.rangel@email.com','5563456789'),(43,'Acosta','Gallegos','Raúl Fernando','0000-0043-4567-8901','raul.acosta@email.com','5574567890'),(44,'Pacheco','Cervantes','Leticia Margarita','0000-0044-5678-9012','leticia.pacheco@email.com','5585678901'),(45,'Rosas','León','Felipe de Jesús','0000-0045-6789-0123','felipe.rosas@email.com','5596789012'),(46,'Salazar','de la Cruz','Elena Patricia','0000-0046-7890-1234','elena.salazar@email.com','5517890123'),(47,'Luna','Cabrera','Gerardo Antonio','0000-0047-8901-2345','gerardo.luna@email.com','5528901234'),(48,'Gallegos','Mejía','Norma Angélica','0000-0048-9012-3456','norma.gallegos@email.com','5539012345'),(49,'Cervantes','Zúñiga','Rubén Darío','0000-0049-0123-4567','ruben.cervantes@email.com','5540123456'),(50,'León','Tapia','Yolanda Guadalupe','0000-0050-1234-5678','yolanda.leon@email.com','5551234567'),(51,'de la Cruz','Barrera','Salvador Ignacio','0000-0051-2345-6789','salvador.delacruz@email.com','5562345678'),(52,'Cabrera','Núñez','Graciela Margarita','0000-0052-3456-7890','graciela.cabrera@email.com','5573456789'),(53,'Mejía','Sandoval','Joaquín Alejandro','0000-0053-4567-8901','joaquin.mejia@email.com','5584567890'),(54,'Zúñiga','Solís','Irma Susana','0000-0054-5678-9012','irma.zuniga@email.com','5595678901'),(55,'Tapia','Cárdenas','Enrique Roberto','0000-0055-6789-0123','enrique.tapia@email.com','5516789012'),(56,'Barrera','Orozco','Rocío Alejandra','0000-0056-7890-1234','rocio.barrera@email.com','5527890123'),(57,'Núñez','Peña','Alfonso Javier','0000-0057-8901-2345','alfonso.nunez@email.com','5538901234'),(58,'Sandoval','Rivas','Consuelo Margarita','0000-0058-9012-3456','consuelo.sandoval@email.com','5549012345'),(59,'Solís','Arias','Guillermo Antonio','0000-0059-0123-4567','guillermo.solis@email.com','5550123456'),(60,'Cárdenas','Blanco','Estela María','0000-0060-1234-5678','estela.cardenas@email.com','5561234567'),(61,'Orozco','Maldonado','Ramiro José','0000-0061-2345-6789','ramiro.orozco@email.com','5572345678'),(62,'Peña','Quintana','Aurora Beatriz','0000-0062-3456-7890','aurora.pena@email.com','5583456789'),(63,'Rivas','Villarreal','Samuel Eduardo','0000-0063-4567-8901','samuel.rivas@email.com','5594567890'),(64,'Arias','Ponce','Victoria Elena','0000-0064-5678-9012','victoria.arias@email.com','5515678901'),(65,'Blanco','Zamora','Hugo Fernando','0000-0065-6789-0123','hugo.blanco@email.com','5526789012'),(66,'Maldonado','Serrano','Ruth Angélica','0000-0066-7890-1234','ruth.maldonado@email.com','5537890123'),(67,'Quintana','Castañeda','Agustín Roberto','0000-0067-8901-2345','agustin.quintana@email.com','5548901234'),(68,'Villarreal','Trejo','Carolina Isabel','0000-0068-9012-3456','carolina.villarreal@email.com','5559012345'),(69,'Ponce','Montes','Federico José','0000-0069-0123-4567','federico.ponce@email.com','5560123456'),(70,'Zamora','Fierro','Luisa Fernanda','0000-0070-1234-5678','luisa.zamora@email.com','5571234567'),(71,'Serrano','Rocha','René Alejandro','0000-0071-2345-6789','rene.serrano@email.com','5582345678'),(72,'Castañeda','Bernal','Margarita Rosa','0000-0072-3456-7890','margarita.castaneda@email.com','5593456789'),(73,'Trejo','Salinas','Julián Antonio','0000-0073-4567-8901','julian.trejo@email.com','5514567890'),(74,'Montes','Arellano','Guadalupe María','0000-0074-5678-9012','guadalupe.montes@email.com','5525678901'),(75,'Fierro','Bautista','César Augusto','0000-0075-6789-0123','cesar.fierro@email.com','5536789012'),(76,'Rocha','Peralta','Marisol Guadalupe','0000-0076-7890-1234','marisol.rocha@email.com','5547890123'),(77,'Bernal','Iglesias','Andrés Manuel','0000-0077-8901-2345','andres.bernal@email.com','5558901234'),(78,'Salinas','Cuevas','Lourdes Patricia','0000-0078-9012-3456','lourdes.salinas@email.com','5569012345'),(79,'Arellano','Palacios','Rodolfo Javier','0000-0079-0123-4567','rodolfo.arellano@email.com','5570123456'),(80,'Bautista','Escobar','Mercedes Alejandra','0000-0080-1234-5678','mercedes.bautista@email.com','5581234567'),(81,'Peralta','Venegas','Efraín José','0000-0081-2345-6789','efrain.peralta@email.com','5592345678'),(82,'Iglesias','Aguirre','Beatriz Elena','0000-0082-3456-7890','beatriz.iglesias@email.com','5513456789'),(83,'Cuevas','Pineda','Rolando Antonio','0000-0083-4567-8901','rolando.cuevas@email.com','5524567890'),(84,'Palacios','Valenzuela','Cecilia Margarita','0000-0084-5678-9012','cecilia.palacios@email.com','5535678901'),(85,'Escobar','Cordero','Felipe de Jesús','0000-0085-6789-0123','felipe.escobar@email.com','5546789012'),(86,'Venegas','Collado','Maricela Guadalupe','0000-0086-7890-1234','maricela.venegas@email.com','5557890123'),(87,'Aguirre','Barajas','Jorge Alberto','0000-0087-8901-2345','jorge.aguirre@email.com','5568901234'),(88,'Pineda','Gallardo','Reyna Isabel','0000-0088-9012-3456','reyna.pineda@email.com','5579012345'),(89,'Valenzuela','de la Torre','Santiago Manuel','0000-0089-0123-4567','santiago.valenzuela@email.com','5580123456'),(90,'Cordero','Leyva','Tania Alejandra','0000-0090-1234-5678','tania.cordero@email.com','5591234567'),(91,'Collado','Madrigal','Víctor Manuel','0000-0091-2345-6789','victor.collado@email.com','5512345678'),(92,'Barajas','Gamez','Paulina Margarita','0000-0092-3456-7890','paulina.barajas@email.com','5523456789'),(93,'Gallardo','Téllez','Humberto José','0000-0093-4567-8901','humberto.gallardo@email.com','5534567890'),(94,'de la Torre','Cano','Liliana Patricia','0000-0094-5678-9012','liliana.delatorre@email.com','5545678901'),(95,'Leyva','Esquivel','Ernesto Javier','0000-0095-6789-0123','ernesto.leyva@email.com','5556789012'),(96,'Madrigal','Arredondo','Adriana Leticia','0000-0096-7890-1234','adriana.madrigal@email.com','5567890123'),(97,'Gamez','Duarte','Rodrigo Antonio','0000-0097-8901-2345','rodrigo.gamez@email.com','5578901234'),(98,'Téllez','Partida','Alejandra Guadalupe','0000-0098-9012-3456','alejandra.tellez@email.com','5589012345'),(99,'Cano','Ríos','Federico José','0000-0099-0123-4567','federico.cano@email.com','5590123456'),(100,'Esquivel','Segura','Dulce María','0000-0100-1234-5678','dulce.esquivel@email.com','5511234567');
/*!40000 ALTER TABLE `investigador` ENABLE KEYS */;
UNLOCK TABLES;

--
-- Table structure for table `linea`
--

DROP TABLE IF EXISTS `linea`;
/*!40101 SET @saved_cs_client     = @@character_set_client */;
/*!50503 SET character_set_client = utf8mb4 */;
CREATE TABLE `linea` (
  `idLinea` int NOT NULL AUTO_INCREMENT,
  `nombre` varchar(120) DEFAULT NULL,
  `descripcion` varchar(500) DEFAULT NULL,
  `idCuerpo` int DEFAULT NULL,
  PRIMARY KEY (`idLinea`),
  KEY `idCuerpo` (`idCuerpo`),
  CONSTRAINT `linea_ibfk_1` FOREIGN KEY (`idCuerpo`) REFERENCES `cuerpoacademico` (`idCuerpo`)
) ENGINE=InnoDB AUTO_INCREMENT=101 DEFAULT CHARSET=utf8mb4 COLLATE=utf8mb4_0900_ai_ci;
/*!40101 SET character_set_client = @saved_cs_client */;

--
-- Dumping data for table `linea`
--

LOCK TABLES `linea` WRITE;
/*!40000 ALTER TABLE `linea` DISABLE KEYS */;
INSERT INTO `linea` VALUES (1,'Algoritmos Avanzados','Investigación y desarrollo de nuevos algoritmos para resolver problemas complejos',1),(2,'Matemáticas Discretas','Estudio de estructuras matemáticas discretas fundamentales para la computación',2),(3,'Metodologías Ágiles','Investigación sobre metodologías ágiles para el desarrollo de software',3),(4,'Redes Neuronales Profundas','Desarrollo y aplicación de redes neuronales profundas para diversos dominios',4),(5,'Protocolos de Comunicación','Diseño y optimización de protocolos para redes de telecomunicaciones',5),(6,'Modelos de Datos','Investigación sobre nuevos modelos y estructuras de datos',6),(7,'Criptografía Aplicada','Desarrollo de técnicas criptográficas para la seguridad informática',7),(8,'Computación en la Nube','Investigación sobre arquitecturas y servicios en la nube',8),(9,'Renderizado 3D','Técnicas avanzadas para renderizado y visualización 3D',9),(10,'Ingeniería de Requisitos','Métodos y herramientas para la elicitación y gestión de requisitos',10),(11,'Patrones de Arquitectura','Diseño y evaluación de patrones arquitectónicos para sistemas software',11),(12,'Frameworks Web','Desarrollo y evaluación de frameworks para aplicaciones web modernas',12),(13,'Aplicaciones Nativas','Desarrollo de aplicaciones móviles nativas para diferentes plataformas',13),(14,'Virtualización','Técnicas de virtualización y contenedores para cloud computing',14),(15,'Procesamiento de Grandes Volúmenes','Técnicas para el procesamiento eficiente de grandes volúmenes de datos',15),(16,'Aprendizaje Automático','Algoritmos y técnicas para el aprendizaje automático',16),(17,'Visión Artificial','Técnicas de visión por computadora para reconocimiento de imágenes',17),(18,'Procesamiento de Lenguaje','Técnicas para el procesamiento y comprensión del lenguaje natural',18),(19,'Robótica Autónoma','Desarrollo de sistemas robóticos autónomos',19),(20,'Genómica Computacional','Aplicación de técnicas computacionales al análisis genómico',20),(21,'Algoritmos Cuánticos','Desarrollo de algoritmos para computación cuántica',21),(22,'Sistemas en Tiempo Real','Desarrollo de sistemas embebidos con restricciones de tiempo real',22),(23,'IoT Industrial','Aplicaciones del Internet de las Cosas en entornos industriales',23),(24,'Interfaces Inmersivas','Desarrollo de interfaces de usuario inmersivas',24),(25,'Realidad Mixta','Técnicas para la integración de realidad virtual y aumentada',25),(26,'Contratos Inteligentes','Desarrollo y aplicación de contratos inteligentes basados en blockchain',26),(27,'Seguridad en Redes','Técnicas para la protección de redes y sistemas distribuidos',27),(28,'Complejidad Computacional','Estudio de la complejidad de algoritmos y problemas computacionales',28),(29,'Lenguajes Formales','Teoría y aplicación de lenguajes formales en computación',29),(30,'Optimización de Compiladores','Técnicas para la optimización de código en compiladores',30),(31,'Sistemas de Archivos','Diseño e implementación de sistemas de archivos avanzados',31),(32,'Pruebas Automatizadas','Desarrollo de técnicas y herramientas para pruebas automatizadas',32),(33,'Métricas de Calidad','Definición y aplicación de métricas para evaluar calidad de software',33),(34,'Interacción Multimodal','Estudio de interfaces que combinan múltiples modos de interacción',34),(35,'Aprendizaje en Línea','Plataformas y técnicas para el aprendizaje en línea asistido por computadora',35),(36,'Sistemas ERP','Diseño e implementación de sistemas de planificación de recursos empresariales',36),(37,'Gestión Ágil','Técnicas de gestión para proyectos de desarrollo ágil de software',37),(38,'Gobernanza de Datos','Políticas y prácticas para la gestión y gobierno de datos',38),(39,'Análisis Predictivo','Técnicas para el análisis predictivo basado en datos históricos',39),(40,'Visualización Interactiva','Técnicas para la visualización interactiva de datos complejos',40),(41,'Análisis de Texto','Técnicas para el análisis y procesamiento de texto no estructurado',41),(42,'Reconocimiento de Voz','Sistemas para el reconocimiento y procesamiento de voz',42),(43,'Sistemas Basados en Reglas','Desarrollo de sistemas expertos basados en reglas',43),(44,'Coordinación de Agentes','Técnicas para la coordinación de sistemas multiagente',44),(45,'Algoritmos Evolutivos','Aplicación de algoritmos evolutivos a problemas de optimización',45),(46,'Optimización Heurística','Técnicas heurísticas para la resolución de problemas complejos',46),(47,'Computación Heterogénea','Técnicas para la computación en sistemas heterogéneos',47),(48,'Tolerancia a Fallos','Mecanismos para la tolerancia a fallos en sistemas distribuidos',48),(49,'Automatización de Pruebas','Técnicas para la automatización de pruebas de software',49),(50,'Sistemas Autoadaptativos','Sistemas capaces de adaptarse automáticamente a cambios',50),(51,'Interfaces Naturales','Desarrollo de interfaces que imitan la interacción humana natural',51),(52,'Neurociencia Computacional','Modelado computacional de sistemas neuronales',52),(53,'Procesamiento de Imágenes','Técnicas para el procesamiento y análisis de imágenes digitales',53),(54,'Filtrado Colaborativo','Técnicas para sistemas de recomendación basados en filtrado colaborativo',54),(55,'Web 3.0','Tecnologías y estándares para la web semántica',55),(56,'Modelado de Conocimiento','Técnicas para el modelado y representación del conocimiento',56),(57,'Negociación Automatizada','Mecanismos para la negociación automatizada entre agentes',57),(58,'Computación de Alto Rendimiento','Técnicas para la computación paralela y distribuida de alto rendimiento',58),(59,'Sistemas Autónomos','Desarrollo de sistemas capaces de operar sin intervención humana',59),(60,'Computación Cognitiva','Sistemas que simulan procesos cognitivos humanos',60),(61,'Hardware Neuromórfico','Diseño de hardware inspirado en sistemas neuronales biológicos',61),(62,'Algoritmos Bioinspirados','Desarrollo de algoritmos inspirados en sistemas biológicos',62),(63,'Sistemas Caóticos','Estudio y modelado de sistemas caóticos mediante computación',63),(64,'Simulación de Sistemas','Técnicas para la simulación de sistemas complejos',64),(65,'Cálculo Científico','Aplicación de técnicas computacionales a problemas científicos',65),(66,'Métodos Numéricos','Desarrollo y análisis de métodos numéricos para problemas matemáticos',66),(67,'Geometría Algorítmica','Algoritmos para la resolución de problemas geométricos',67),(68,'Topología Algorítmica','Aplicación de técnicas computacionales a problemas topológicos',68),(69,'Grafos Aleatorios','Estudio de propiedades y algoritmos para grafos aleatorios',69),(70,'Criptografía Post-Cuántica','Algoritmos criptográficos resistentes a computación cuántica',70),(71,'Esteganografía Digital','Técnicas para ocultar información en medios digitales',71),(72,'Investigación Forense','Métodos y herramientas para la investigación forense digital',72),(73,'Privacidad Digital','Técnicas y políticas para la protección de la privacidad digital',73),(74,'Ética de la IA','Consideraciones éticas en el desarrollo de sistemas de inteligencia artificial',74),(75,'Redes Sociales','Análisis computacional de redes y medios sociales',75),(76,'Periodismo Computacional','Aplicación de técnicas computacionales al periodismo',76),(77,'Humanidades Digitales','Aplicación de métodos computacionales a las humanidades',77),(78,'Arte Generativo','Creación de arte mediante algoritmos computacionales',78),(79,'Síntesis de Sonido','Técnicas computacionales para la síntesis y procesamiento de sonido',79),(80,'Diseño Paramétrico','Metodologías para el diseño generativo y paramétrico',80),(81,'Fabricación Aditiva','Técnicas computacionales para fabricación aditiva y prototipado',81),(82,'Interacción Tangible','Interfaces que integran interacción física con digital',82),(83,'Experiencia de Usuario','Métodos para el diseño y evaluación de experiencias de usuario',83),(84,'Diseño Inclusivo','Técnicas para el diseño de sistemas inclusivos y accesibles',84),(85,'Evaluación de Usabilidad','Métodos y métricas para la evaluación de usabilidad',85),(86,'Interacción Multitáctil','Técnicas para interfaces multitáctiles y gestuales',86),(87,'Realidad Extendida','Integración de realidad virtual, aumentada y mixta',87),(88,'Visualización Científica','Técnicas para la visualización de datos científicos',88),(89,'Análisis de Redes','Métodos computacionales para el análisis de redes complejas',89),(90,'Computación Social','Estudio de sistemas sociales mediante métodos computacionales',90),(91,'Algoritmos Justos','Desarrollo de algoritmos libres de sesgo y justos',91),(92,'Explicabilidad de la IA','Técnicas para hacer sistemas de IA más explicables',92),(93,'Robótica Social','Desarrollo de robots capaces de interacción social',93),(94,'Computación Afectiva','Sistemas capaces de reconocer y responder a emociones',94),(95,'Interfaces Cerebro-Computadora','Sistemas para la interacción directa entre cerebro y computadora',95),(96,'Procesamiento de Señales Biomédicas','Técnicas para el análisis de señales biomédicas',96),(97,'Recomendación Personalizada','Sistemas de recomendación adaptados al usuario individual',97),(98,'Ontologías de Dominio','Desarrollo de ontologías para dominios específicos',98),(99,'Ingeniería Ontológica','Métodos para la ingeniería y gestión de ontologías',99),(100,'Agentes Autónomos','Desarrollo de agentes software con autonomía decisional',100);
/*!40000 ALTER TABLE `linea` ENABLE KEYS */;
UNLOCK TABLES;

--
-- Table structure for table `produccion`
--

DROP TABLE IF EXISTS `produccion`;
/*!40101 SET @saved_cs_client     = @@character_set_client */;
/*!50503 SET character_set_client = utf8mb4 */;
CREATE TABLE `produccion` (
  `idProduccion` int NOT NULL AUTO_INCREMENT,
  `tipo` varchar(60) DEFAULT NULL,
  `titulo` varchar(250) DEFAULT NULL,
  `anio` int DEFAULT NULL,
  `idInvestigador` int DEFAULT NULL,
  PRIMARY KEY (`idProduccion`),
  KEY `idInvestigador` (`idInvestigador`),
  CONSTRAINT `produccion_ibfk_1` FOREIGN KEY (`idInvestigador`) REFERENCES `investigador` (`idInvestigador`)
) ENGINE=InnoDB AUTO_INCREMENT=101 DEFAULT CHARSET=utf8mb4 COLLATE=utf8mb4_0900_ai_ci;
/*!40101 SET character_set_client = @saved_cs_client */;

--
-- Dumping data for table `produccion`
--

LOCK TABLES `produccion` WRITE;
/*!40000 ALTER TABLE `produccion` DISABLE KEYS */;
INSERT INTO `produccion` VALUES (1,'Artículo','Algoritmos eficientes para procesamiento de big data',2020,1),(2,'Libro','Ingeniería de software: principios y prácticas',2019,2),(3,'Artículo','Modelos matemáticos para inteligencia artificial',2021,3),(4,'Capítulo','Física computacional en sistemas complejos',2018,4),(5,'Artículo','Avances en bioinformática estructural',2020,5),(6,'Libro','Deep learning aplicado a visión por computadora',2021,6),(7,'Artículo','Protocolos de seguridad para redes 5G',2019,7),(8,'Capítulo','Métodos numéricos en ecuaciones diferenciales',2017,8),(9,'Artículo','Simulación de materiales a nanoescala',2020,9),(10,'Libro','Genómica computacional y medicina personalizada',2021,10),(11,'Artículo','Optimización de consultas en bases de datos NoSQL',2019,11),(12,'Capítulo','Criptografía post-cuántica: fundamentos',2018,12),(13,'Artículo','Complejidad computacional en problemas NP',2020,13),(14,'Libro','Física cuántica para computación',2021,14),(15,'Artículo','Diseño racional de proteínas mediante computación',2019,15),(16,'Capítulo','Aprendizaje automático en diagnóstico médico',2018,16),(17,'Artículo','Tolerancia a fallos en sistemas distribuidos',2020,17),(18,'Libro','Geometría computacional aplicada',2021,18),(19,'Artículo','Modelado estadístico de sistemas físicos',2019,19),(20,'Capítulo','Biología sintética y circuitos genéticos',2017,20),(21,'Artículo','Renderizado en tiempo real con ray tracing',2020,21),(22,'Libro','Patrones arquitectónicos para microservicios',2021,22),(23,'Artículo','Topología algebraica en ciencia de datos',2019,23),(24,'Capítulo','Nuevos materiales para computación cuántica',2018,24),(25,'Artículo','Bioingeniería de tejidos asistida por computación',2020,25),(26,'Libro','Procesamiento de lenguaje natural avanzado',2021,26),(27,'Artículo','Arquitecturas para IoT industrial',2019,27),(28,'Capítulo','Análisis complejo en teoría de señales',2017,28),(29,'Artículo','Computación cuántica con fotones',2020,29),(30,'Libro','Nanobiotecnología y sus aplicaciones',2021,30),(31,'Artículo','Reconocimiento de objetos en tiempo real',2019,31),(32,'Capítulo','Control autónomo en robótica móvil',2018,32),(33,'Artículo','Teoría de números en criptografía',2020,33),(34,'Libro','Física nuclear y sus aplicaciones',2021,34),(35,'Artículo','Biorremediación asistida por modelos computacionales',2019,35),(36,'Capítulo','Algoritmos cuánticos para optimización',2017,36),(37,'Artículo','Sistemas embebidos para automoción',2020,37),(38,'Libro','Ecuaciones diferenciales en ingeniería',2021,38),(39,'Artículo','Teoría de cuerdas y computación',2019,39),(40,'Capítulo','Biotecnología en la industria alimentaria',2018,40),(41,'Artículo','Realidad virtual para terapia psicológica',2020,41),(42,'Libro','Blockchain y contratos inteligentes',2021,42),(43,'Artículo','Modelos probabilísticos en inteligencia artificial',2019,43),(44,'Capítulo','Física de partículas y computación distribuida',2017,44),(45,'Artículo','Optimización de procesos industriales con IA',2020,45),(46,'Libro','Ciberseguridad en la era digital',2021,46),(47,'Artículo','Arquitecturas escalables en la nube',2019,47),(48,'Capítulo','Matemáticas discretas en criptografía',2018,48),(49,'Artículo','Diagnóstico médico con física computacional',2020,49),(50,'Libro','Biotecnología vegetal y seguridad alimentaria',2021,50),(51,'Artículo','Análisis de grandes volúmenes de datos',2019,51),(52,'Capítulo','Redes neuronales profundas en visión artificial',2018,52),(53,'Artículo','Álgebra lineal en aprendizaje automático',2020,53),(54,'Libro','Modelos atmosféricos y cambio climático',2021,54),(55,'Artículo','Edición genética asistida por computación',2019,55),(56,'Capítulo','Deep learning en procesamiento de imágenes',2017,56),(57,'Artículo','Sistemas autónomos para logística',2020,57),(58,'Libro','Geometría diferencial en física teórica',2021,58),(59,'Artículo','Dinámica de fluidos computacional',2019,59),(60,'Capítulo','Diseño de fármacos con bioinformática',2018,60),(61,'Artículo','Procesamiento de señales biomédicas',2020,61),(62,'Libro','Computación móvil y ubicua',2021,62),(63,'Artículo','Grafos en redes sociales',2019,63),(64,'Capítulo','Materiales para estado sólido en computación',2017,64),(65,'Artículo','Biotecnología marina y sostenibilidad',2020,65),(66,'Libro','Sistemas de recomendación personalizados',2021,66),(67,'Artículo','Realidad aumentada en educación',2019,67),(68,'Capítulo','Análisis funcional en procesamiento de señales',2018,68),(69,'Artículo','Modelos matemáticos en física teórica',2020,69),(70,'Libro','Biotecnología de alimentos funcionales',2021,70),(71,'Artículo','Web semántica y linked data',2019,71),(72,'Capítulo','Computación en la nube para empresas',2017,72),(73,'Artículo','Teoría de categorías en programación funcional',2020,73),(74,'Libro','Física de plasmas y fusión nuclear',2021,74),(75,'Artículo','Biotecnología microbiana para energía',2019,75),(76,'Capítulo','Ontologías en inteligencia artificial',2018,76),(77,'Artículo','Sistemas multiagente para smart cities',2020,77),(78,'Libro','Lógica matemática en computación',2021,78),(79,'Artículo','Física estadística en sistemas biológicos',2019,79),(80,'Capítulo','Ingeniería de proteínas con IA',2017,80),(81,'Artículo','Computación afectiva en interacción humano-robot',2020,81),(82,'Libro','Interfaces cerebro-computadora',2021,82),(83,'Artículo','Teoría de conjuntos y fundamentos matemáticos',2019,83),(84,'Capítulo','Física de altas energías y big data',2018,84),(85,'Artículo','Enzimas industriales diseñadas computacionalmente',2020,85),(86,'Libro','Computación social y análisis de redes',2021,86),(87,'Artículo','Computación ubicua en entornos inteligentes',2019,87),(88,'Capítulo','Teoría de modelos en lingüística computacional',2017,88),(89,'Artículo','Semiconductores para computación cuántica',2020,89),(90,'Libro','Biotecnología de tejidos y medicina regenerativa',2021,90),(91,'Artículo','Humanidades digitales y análisis de textos',2019,91),(92,'Capítulo','Computación verde y sostenibilidad',2018,92),(93,'Artículo','Teoría de la medida en aprendizaje automático',2020,93),(94,'Libro','Física de polímeros y nuevos materiales',2021,94),(95,'Artículo','Vacunas diseñadas mediante bioinformática',2019,95),(96,'Capítulo','Arte generativo y creatividad computacional',2017,96),(97,'Artículo','Computación autonómica para sistemas críticos',2020,97),(98,'Libro','Teoría de nudos en biología molecular',2021,98),(99,'Artículo','Física de superficies y nanotecnología',2019,99),(100,'Capítulo','Diagnóstico molecular y bioinformática',2018,100);
/*!40000 ALTER TABLE `produccion` ENABLE KEYS */;
UNLOCK TABLES;

--
-- Table structure for table `profesor`
--

DROP TABLE IF EXISTS `profesor`;
/*!40101 SET @saved_cs_client     = @@character_set_client */;
/*!50503 SET character_set_client = utf8mb4 */;
CREATE TABLE `profesor` (
  `idProfesor` int NOT NULL AUTO_INCREMENT,
  `paterno` varchar(80) DEFAULT NULL,
  `materno` varchar(80) DEFAULT NULL,
  `nombre` varchar(80) DEFAULT NULL,
  `email` varchar(250) DEFAULT NULL,
  `fechaIngreso` date DEFAULT NULL,
  PRIMARY KEY (`idProfesor`)
) ENGINE=InnoDB AUTO_INCREMENT=201 DEFAULT CHARSET=utf8mb4 COLLATE=utf8mb4_0900_ai_ci;
/*!40101 SET character_set_client = @saved_cs_client */;

--
-- Dumping data for table `profesor`
--

LOCK TABLES `profesor` WRITE;
/*!40000 ALTER TABLE `profesor` DISABLE KEYS */;
INSERT INTO `profesor` VALUES (1,'García','López','Juan','juan.garcia@universidad.edu','2010-05-15'),(2,'Martínez','Sánchez','María','maria.martinez@universidad.edu','2012-08-20'),(3,'Rodríguez','Pérez','Carlos','carlos.rodriguez@universidad.edu','2009-03-10'),(4,'Hernández','Gómez','Ana','ana.hernandez@universidad.edu','2015-11-25'),(5,'López','Díaz','Pedro','pedro.lopez@universidad.edu','2013-07-18'),(6,'González','Fernández','Laura','laura.gonzalez@universidad.edu','2014-09-30'),(7,'Pérez','Martínez','Jorge','jorge.perez@universidad.edu','2011-02-14'),(8,'Sánchez','Romero','Sofía','sofia.sanchez@universidad.edu','2016-06-22'),(9,'Ramírez','Alvarez','Miguel','miguel.ramirez@universidad.edu','2012-04-05'),(10,'Flores','Morales','Patricia','patricia.flores@universidad.edu','2017-01-12'),(11,'Torres','Ortega','Ricardo','ricardo.torres@universidad.edu','2010-10-08'),(12,'Díaz','Castillo','Verónica','veronica.diaz@universidad.edu','2013-12-15'),(13,'Vargas','Ríos','Fernando','fernando.vargas@universidad.edu','2015-08-20'),(14,'Castro','Mendoza','Adriana','adriana.castro@universidad.edu','2011-05-30'),(15,'Romero','Guerrero','Alejandro','alejandro.romero@universidad.edu','2014-03-25'),(16,'Suárez','Juárez','Gabriela','gabriela.suarez@universidad.edu','2016-11-10'),(17,'Mendoza','Vega','Roberto','roberto.mendoza@universidad.edu','2012-07-05'),(18,'Ortega','Silva','Claudia','claudia.ortega@universidad.edu','2017-02-18'),(19,'Jiménez','Reyes','Francisco','francisco.jimenez@universidad.edu','2013-09-22'),(20,'Ruiz','Cruz','Isabel','isabel.ruiz@universidad.edu','2010-04-15'),(21,'Navarro','Herrera','Daniel','daniel.navarro@universidad.edu','2014-12-03'),(22,'Molina','Medina','Lucía','lucia.molina@universidad.edu','2011-08-28'),(23,'Reyes','Campos','Antonio','antonio.reyes@universidad.edu','2015-06-14'),(24,'Delgado','Ortiz','Carmen','carmen.delgado@universidad.edu','2012-03-09'),(25,'Cortés','Moreno','Raúl','raul.cortes@universidad.edu','2016-10-20'),(26,'Guerrero','Aguilar','Rosa','rosa.guerrero@universidad.edu','2013-05-12'),(27,'Santos','Ramos','Arturo','arturo.santos@universidad.edu','2017-01-25'),(28,'Vega','Méndez','Silvia','silvia.vega@universidad.edu','2011-09-18'),(29,'Medina','Sosa','Eduardo','eduardo.medina@universidad.edu','2014-07-30'),(30,'Campos','Chávez','Mariana','mariana.campos@universidad.edu','2010-02-14'),(31,'Cruz','Contreras','Javier','javier.cruz@universidad.edu','2015-11-05'),(32,'Aguilar','Miranda','Beatriz','beatriz.aguilar@universidad.edu','2012-06-22'),(33,'Ortiz','Valdez','Óscar','oscar.ortiz@universidad.edu','2016-04-10'),(34,'Moreno','Espinoza','Lorena','lorena.moreno@universidad.edu','2013-01-15'),(35,'Méndez','Valencia','Héctor','hector.mendez@universidad.edu','2017-08-28'),(36,'Ramos','Franco','Teresa','teresa.ramos@universidad.edu','2011-05-20'),(37,'Chávez','Rangel','Sergio','sergio.chavez@universidad.edu','2014-12-12'),(38,'Miranda','Acosta','Alicia','alicia.miranda@universidad.edu','2010-09-05'),(39,'Valdez','Pacheco','Manuel','manuel.valdez@universidad.edu','2015-06-18'),(40,'Espinoza','Rosas','Diana','diana.espinoza@universidad.edu','2012-03-30'),(41,'Franco','Salazar','Alberto','alberto.franco@universidad.edu','2016-11-15'),(42,'Rangel','Luna','Olga','olga.rangel@universidad.edu','2013-08-22'),(43,'Acosta','Gallegos','Raúl','raul.acosta@universidad.edu','2017-05-10'),(44,'Pacheco','Cervantes','Leticia','leticia.pacheco@universidad.edu','2011-02-25'),(45,'Rosas','León','Felipe','felipe.rosas@universidad.edu','2014-10-08'),(46,'Salazar','de la Cruz','Elena','elena.salazar@universidad.edu','2010-07-12'),(47,'Luna','Cabrera','Gerardo','gerardo.luna@universidad.edu','2015-04-05'),(48,'Gallegos','Mejía','Norma','norma.gallegos@universidad.edu','2012-01-18'),(49,'Cervantes','Zúñiga','Rubén','ruben.cervantes@universidad.edu','2016-09-22'),(50,'León','Tapia','Yolanda','yolanda.leon@universidad.edu','2013-06-15'),(51,'de la Cruz','Barrera','Salvador','salvador.delacruz@universidad.edu','2017-03-30'),(52,'Cabrera','Núñez','Graciela','graciela.cabrera@universidad.edu','2011-12-12'),(53,'Mejía','Sandoval','Joaquín','joaquin.mejia@universidad.edu','2014-09-05'),(54,'Zúñiga','Solís','Irma','irma.zuniga@universidad.edu','2010-06-18'),(55,'Tapia','Cárdenas','Enrique','enrique.tapia@universidad.edu','2015-03-10'),(56,'Barrera','Orozco','Rocío','rocio.barrera@universidad.edu','2012-10-22'),(57,'Núñez','Peña','Alfonso','alfonso.nunez@universidad.edu','2016-07-15'),(58,'Sandoval','Rivas','Consuelo','consuelo.sandoval@universidad.edu','2013-04-28'),(59,'Solís','Arias','Guillermo','guillermo.solis@universidad.edu','2017-01-10'),(60,'Cárdenas','Blanco','Estela','estela.cardenas@universidad.edu','2011-08-05'),(61,'Orozco','Maldonado','Ramiro','ramiro.orozco@universidad.edu','2014-05-20'),(62,'Peña','Quintana','Aurora','aurora.pena@universidad.edu','2010-02-12'),(63,'Rivas','Villarreal','Samuel','samuel.rivas@universidad.edu','2015-11-25'),(64,'Arias','Ponce','Victoria','victoria.arias@universidad.edu','2012-08-18'),(65,'Blanco','Zamora','Hugo','hugo.blanco@universidad.edu','2016-06-10'),(66,'Maldonado','Serrano','Ruth','ruth.maldonado@universidad.edu','2013-03-22'),(67,'Quintana','Castañeda','Agustín','agustin.quintana@universidad.edu','2017-10-15'),(68,'Villarreal','Trejo','Carolina','carolina.villarreal@universidad.edu','2011-07-28'),(69,'Ponce','Montes','Federico','federico.ponce@universidad.edu','2014-04-12'),(70,'Zamora','Fierro','Luisa','luisa.zamora@universidad.edu','2010-01-05'),(71,'Serrano','Rocha','René','rene.serrano@universidad.edu','2015-09-18'),(72,'Castañeda','Bernal','Margarita','margarita.castaneda@universidad.edu','2012-06-30'),(73,'Trejo','Salinas','Julián','julian.trejo@universidad.edu','2016-04-22'),(74,'Montes','Arellano','Guadalupe','guadalupe.montes@universidad.edu','2013-01-15'),(75,'Fierro','Bautista','César','cesar.fierro@universidad.edu','2017-08-28'),(76,'Rocha','Peralta','Marisol','marisol.rocha@universidad.edu','2011-05-10'),(77,'Bernal','Iglesias','Andrés','andres.bernal@universidad.edu','2014-12-03'),(78,'Salinas','Cuevas','Lourdes','lourdes.salinas@universidad.edu','2010-09-25'),(79,'Arellano','Palacios','Rodolfo','rodolfo.arellano@universidad.edu','2015-07-08'),(80,'Bautista','Escobar','Mercedes','mercedes.bautista@universidad.edu','2012-04-20'),(81,'Peralta','Venegas','Efraín','efrain.peralta@universidad.edu','2016-11-12'),(82,'Iglesias','Aguirre','Beatriz','beatriz.iglesias@universidad.edu','2013-08-05'),(83,'Cuevas','Pineda','Rolando','rolando.cuevas@universidad.edu','2017-05-18'),(84,'Palacios','Valenzuela','Cecilia','cecilia.palacios@universidad.edu','2011-02-28'),(85,'Escobar','Cordero','Felipe','felipe.escobar@universidad.edu','2014-10-10'),(86,'Venegas','Collado','Maricela','maricela.venegas@universidad.edu','2010-07-22'),(87,'Aguirre','Barajas','Jorge','jorge.aguirre@universidad.edu','2015-04-15'),(88,'Pineda','Gallardo','Reyna','reyna.pineda@universidad.edu','2012-01-28'),(89,'Valenzuela','de la Torre','Santiago','santiago.valenzuela@universidad.edu','2016-09-10'),(90,'Cordero','Leyva','Tania','tania.cordero@universidad.edu','2013-06-05'),(91,'Collado','Madrigal','Víctor','victor.collado@universidad.edu','2017-03-18'),(92,'Barajas','Gamez','Paulina','paulina.barajas@universidad.edu','2011-12-30'),(93,'Gallardo','Téllez','Humberto','humberto.gallardo@universidad.edu','2014-09-22'),(94,'de la Torre','Cano','Liliana','liliana.delatorre@universidad.edu','2010-06-15'),(95,'Leyva','Esquivel','Ernesto','ernesto.leyva@universidad.edu','2015-03-08'),(96,'Madrigal','Arredondo','Adriana','adriana.madrigal@universidad.edu','2012-10-20'),(97,'Gamez','Duarte','Rodrigo','rodrigo.gamez@universidad.edu','2016-07-12'),(98,'Téllez','Partida','Alejandra','alejandra.tellez@universidad.edu','2013-04-25'),(99,'Cano','Ríos','Federico','federico.cano@universidad.edu','2017-01-08'),(100,'Esquivel','Segura','Dulce','dulce.esquivel@universidad.edu','2011-08-20'),(101,'García','López','Juan Carlos','juan.garcia@universidad.edu','2010-05-15'),(102,'Martínez','Sánchez','María Elena','maria.martinez@universidad.edu','2012-08-20'),(103,'Rodríguez','Pérez','Carlos Alberto','carlos.rodriguez@universidad.edu','2009-03-10'),(104,'Hernández','Gómez','Ana Isabel','ana.hernandez@universidad.edu','2015-11-25'),(105,'López','Díaz','Pedro Antonio','pedro.lopez@universidad.edu','2013-07-18'),(106,'González','Fernández','Laura Patricia','laura.gonzalez@universidad.edu','2014-09-30'),(107,'Pérez','Martínez','Jorge Luis','jorge.perez@universidad.edu','2011-02-14'),(108,'Sánchez','Romero','Sofía Alejandra','sofia.sanchez@universidad.edu','2016-06-22'),(109,'Ramírez','Alvarez','Miguel Ángel','miguel.ramirez@universidad.edu','2012-04-05'),(110,'Flores','Morales','Patricia Guadalupe','patricia.flores@universidad.edu','2017-01-12'),(111,'Torres','Ortega','Ricardo Javier','ricardo.torres@universidad.edu','2010-10-08'),(112,'Díaz','Castillo','Verónica Margarita','veronica.diaz@universidad.edu','2013-12-15'),(113,'Vargas','Ríos','Fernando José','fernando.vargas@universidad.edu','2015-08-20'),(114,'Castro','Mendoza','Adriana Beatriz','adriana.castro@universidad.edu','2011-05-30'),(115,'Romero','Guerrero','Alejandro Martín','alejandro.romero@universidad.edu','2014-03-25'),(116,'Suárez','Juárez','Gabriela Fernanda','gabriela.suarez@universidad.edu','2016-11-10'),(117,'Mendoza','Vega','Roberto Carlos','roberto.mendoza@universidad.edu','2012-07-05'),(118,'Ortega','Silva','Claudia Marcela','claudia.ortega@universidad.edu','2017-02-18'),(119,'Jiménez','Reyes','Francisco Javier','francisco.jimenez@universidad.edu','2013-09-22'),(120,'Ruiz','Cruz','Isabel Cristina','isabel.ruiz@universidad.edu','2010-04-15'),(121,'Navarro','Herrera','Daniel Alejandro','daniel.navarro@universidad.edu','2014-12-03'),(122,'Molina','Medina','Lucía Gabriela','lucia.molina@universidad.edu','2011-08-28'),(123,'Reyes','Campos','Antonio José','antonio.reyes@universidad.edu','2015-06-14'),(124,'Delgado','Ortiz','Carmen Rosa','carmen.delgado@universidad.edu','2012-03-09'),(125,'Cortés','Moreno','Raúl Eduardo','raul.cortes@universidad.edu','2016-10-20'),(126,'Guerrero','Aguilar','Rosa María','rosa.guerrero@universidad.edu','2013-05-12'),(127,'Santos','Ramos','Arturo Manuel','arturo.santos@universidad.edu','2017-01-25'),(128,'Vega','Méndez','Silvia Patricia','silvia.vega@universidad.edu','2011-09-18'),(129,'Medina','Sosa','Eduardo Alfonso','eduardo.medina@universidad.edu','2014-07-30'),(130,'Campos','Chávez','Mariana Elizabeth','mariana.campos@universidad.edu','2010-02-14'),(131,'Cruz','Contreras','Javier Antonio','javier.cruz@universidad.edu','2015-11-05'),(132,'Aguilar','Miranda','Beatriz Adriana','beatriz.aguilar@universidad.edu','2012-06-22'),(133,'Ortiz','Valdez','Óscar Rafael','oscar.ortiz@universidad.edu','2016-04-10'),(134,'Moreno','Espinoza','Lorena Guadalupe','lorena.moreno@universidad.edu','2013-01-15'),(135,'Méndez','Valencia','Héctor Manuel','hector.mendez@universidad.edu','2017-08-28'),(136,'Ramos','Franco','Teresa Margarita','teresa.ramos@universidad.edu','2011-05-20'),(137,'Chávez','Rangel','Sergio Arturo','sergio.chavez@universidad.edu','2014-12-12'),(138,'Miranda','Acosta','Alicia Beatriz','alicia.miranda@universidad.edu','2010-09-05'),(139,'Valdez','Pacheco','Manuel Alejandro','manuel.valdez@universidad.edu','2015-06-18'),(140,'Espinoza','Rosas','Diana Carolina','diana.espinoza@universidad.edu','2012-03-30'),(141,'Franco','Salazar','Alberto José','alberto.franco@universidad.edu','2016-11-15'),(142,'Rangel','Luna','Olga Leticia','olga.rangel@universidad.edu','2013-08-22'),(143,'Acosta','Gallegos','Raúl Fernando','raul.acosta@universidad.edu','2017-05-10'),(144,'Pacheco','Cervantes','Leticia Margarita','leticia.pacheco@universidad.edu','2011-02-25'),(145,'Rosas','León','Felipe de Jesús','felipe.rosas@universidad.edu','2014-10-08'),(146,'Salazar','de la Cruz','Elena Patricia','elena.salazar@universidad.edu','2010-07-12'),(147,'Luna','Cabrera','Gerardo Antonio','gerardo.luna@universidad.edu','2015-04-05'),(148,'Gallegos','Mejía','Norma Angélica','norma.gallegos@universidad.edu','2012-01-18'),(149,'Cervantes','Zúñiga','Rubén Darío','ruben.cervantes@universidad.edu','2016-09-22'),(150,'León','Tapia','Yolanda Guadalupe','yolanda.leon@universidad.edu','2013-06-15'),(151,'de la Cruz','Barrera','Salvador Ignacio','salvador.delacruz@universidad.edu','2017-03-30'),(152,'Cabrera','Núñez','Graciela Margarita','graciela.cabrera@universidad.edu','2011-12-12'),(153,'Mejía','Sandoval','Joaquín Alejandro','joaquin.mejia@universidad.edu','2014-09-05'),(154,'Zúñiga','Solís','Irma Susana','irma.zuniga@universidad.edu','2010-06-18'),(155,'Tapia','Cárdenas','Enrique Roberto','enrique.tapia@universidad.edu','2015-03-10'),(156,'Barrera','Orozco','Rocío Alejandra','rocio.barrera@universidad.edu','2012-10-22'),(157,'Núñez','Peña','Alfonso Javier','alfonso.nunez@universidad.edu','2016-07-15'),(158,'Sandoval','Rivas','Consuelo Margarita','consuelo.sandoval@universidad.edu','2013-04-28'),(159,'Solís','Arias','Guillermo Antonio','guillermo.solis@universidad.edu','2017-01-10'),(160,'Cárdenas','Blanco','Estela María','estela.cardenas@universidad.edu','2011-08-05'),(161,'Orozco','Maldonado','Ramiro José','ramiro.orozco@universidad.edu','2014-05-20'),(162,'Peña','Quintana','Aurora Beatriz','aurora.pena@universidad.edu','2010-02-12'),(163,'Rivas','Villarreal','Samuel Eduardo','samuel.rivas@universidad.edu','2015-11-25'),(164,'Arias','Ponce','Victoria Elena','victoria.arias@universidad.edu','2012-08-18'),(165,'Blanco','Zamora','Hugo Fernando','hugo.blanco@universidad.edu','2016-06-10'),(166,'Maldonado','Serrano','Ruth Angélica','ruth.maldonado@universidad.edu','2013-03-22'),(167,'Quintana','Castañeda','Agustín Roberto','agustin.quintana@universidad.edu','2017-10-15'),(168,'Villarreal','Trejo','Carolina Isabel','carolina.villarreal@universidad.edu','2011-07-28'),(169,'Ponce','Montes','Federico José','federico.ponce@universidad.edu','2014-04-12'),(170,'Zamora','Fierro','Luisa Fernanda','luisa.zamora@universidad.edu','2010-01-05'),(171,'Serrano','Rocha','René Alejandro','rene.serrano@universidad.edu','2015-09-18'),(172,'Castañeda','Bernal','Margarita Rosa','margarita.castaneda@universidad.edu','2012-06-30'),(173,'Trejo','Salinas','Julián Antonio','julian.trejo@universidad.edu','2016-04-22'),(174,'Montes','Arellano','Guadalupe María','guadalupe.montes@universidad.edu','2013-01-15'),(175,'Fierro','Bautista','César Augusto','cesar.fierro@universidad.edu','2017-08-28'),(176,'Rocha','Peralta','Marisol Guadalupe','marisol.rocha@universidad.edu','2011-05-10'),(177,'Bernal','Iglesias','Andrés Manuel','andres.bernal@universidad.edu','2014-12-03'),(178,'Salinas','Cuevas','Lourdes Patricia','lourdes.salinas@universidad.edu','2010-09-25'),(179,'Arellano','Palacios','Rodolfo Javier','rodolfo.arellano@universidad.edu','2015-07-08'),(180,'Bautista','Escobar','Mercedes Alejandra','mercedes.bautista@universidad.edu','2012-04-20'),(181,'Peralta','Venegas','Efraín José','efrain.peralta@universidad.edu','2016-11-12'),(182,'Iglesias','Aguirre','Beatriz Elena','beatriz.iglesias@universidad.edu','2013-08-05'),(183,'Cuevas','Pineda','Rolando Antonio','rolando.cuevas@universidad.edu','2017-05-18'),(184,'Palacios','Valenzuela','Cecilia Margarita','cecilia.palacios@universidad.edu','2011-02-28'),(185,'Escobar','Cordero','Felipe de Jesús','felipe.escobar@universidad.edu','2014-10-10'),(186,'Venegas','Collado','Maricela Guadalupe','maricela.venegas@universidad.edu','2010-07-22'),(187,'Aguirre','Barajas','Jorge Alberto','jorge.aguirre@universidad.edu','2015-04-15'),(188,'Pineda','Gallardo','Reyna Isabel','reyna.pineda@universidad.edu','2012-01-28'),(189,'Valenzuela','de la Torre','Santiago Manuel','santiago.valenzuela@universidad.edu','2016-09-10'),(190,'Cordero','Leyva','Tania Alejandra','tania.cordero@universidad.edu','2013-06-05'),(191,'Collado','Madrigal','Víctor Manuel','victor.collado@universidad.edu','2017-03-18'),(192,'Barajas','Gamez','Paulina Margarita','paulina.barajas@universidad.edu','2011-12-30'),(193,'Gallardo','Téllez','Humberto José','humberto.gallardo@universidad.edu','2014-09-22'),(194,'de la Torre','Cano','Liliana Patricia','liliana.delatorre@universidad.edu','2010-06-15'),(195,'Leyva','Esquivel','Ernesto Javier','ernesto.leyva@universidad.edu','2015-03-08'),(196,'Madrigal','Arredondo','Adriana Leticia','adriana.madrigal@universidad.edu','2012-10-20'),(197,'Gamez','Duarte','Rodrigo Antonio','rodrigo.gamez@universidad.edu','2016-07-12'),(198,'Téllez','Partida','Alejandra Guadalupe','alejandra.tellez@universidad.edu','2013-04-25'),(199,'Cano','Ríos','Federico José','federico.cano@universidad.edu','2017-01-08'),(200,'Esquivel','Segura','Dulce María','dulce.esquivel@universidad.edu','2011-08-20');
/*!40000 ALTER TABLE `profesor` ENABLE KEYS */;
UNLOCK TABLES;

--
-- Table structure for table `programa`
--

DROP TABLE IF EXISTS `programa`;
/*!40101 SET @saved_cs_client     = @@character_set_client */;
/*!50503 SET character_set_client = utf8mb4 */;
CREATE TABLE `programa` (
  `idPrograma` int NOT NULL AUTO_INCREMENT,
  `nivel` varchar(25) DEFAULT NULL,
  `nombre` varchar(150) DEFAULT NULL,
  `fechaInicio` date DEFAULT NULL,
  PRIMARY KEY (`idPrograma`)
) ENGINE=InnoDB AUTO_INCREMENT=106 DEFAULT CHARSET=utf8mb4 COLLATE=utf8mb4_0900_ai_ci;
/*!40101 SET character_set_client = @saved_cs_client */;

--
-- Dumping data for table `programa`
--

LOCK TABLES `programa` WRITE;
/*!40000 ALTER TABLE `programa` DISABLE KEYS */;
INSERT INTO `programa` VALUES (1,'Licenciatura','Ingeniería en Sistemas Computacionales','2000-08-01'),(2,'Licenciatura','Licenciatura en Informática','2001-01-15'),(3,'Licenciatura','Ingeniería en Software','2002-08-20'),(4,'Licenciatura','Licenciatura en Ciencias de la Computación','2003-01-10'),(5,'Licenciatura','Ingeniería en Tecnologías de la Información','2004-08-15'),(6,'Maestría','Maestría en Ciencias de la Computación','2005-01-20'),(7,'Maestría','Maestría en Ingeniería de Software','2006-08-25'),(8,'Maestría','Maestría en Inteligencia Artificial','2007-01-15'),(9,'Maestría','Maestría en Bases de Datos','2008-08-30'),(10,'Maestría','Maestría en Redes y Telecomunicaciones','2009-01-25'),(11,'Doctorado','Doctorado en Ciencias Computacionales','2010-08-05'),(12,'Doctorado','Doctorado en Ingeniería de Software','2011-01-30'),(13,'Doctorado','Doctorado en Inteligencia Artificial','2012-08-10'),(14,'Doctorado','Doctorado en Sistemas Distribuidos','2013-01-20'),(15,'Doctorado','Doctorado en Ciberseguridad','2014-08-15'),(16,'Licenciatura','Ingeniería en Computación','2000-08-01'),(17,'Licenciatura','Licenciatura en Tecnologías Computacionales','2001-01-15'),(18,'Licenciatura','Ingeniería en Desarrollo de Software','2002-08-20'),(19,'Licenciatura','Licenciatura en Ingeniería de Datos','2003-01-10'),(20,'Licenciatura','Ingeniería en Sistemas Inteligentes','2004-08-15'),(21,'Maestría','Maestría en Ciencia de Datos','2005-01-20'),(22,'Maestría','Maestría en Seguridad Informática','2006-08-25'),(23,'Maestría','Maestría en Computación Gráfica','2007-01-15'),(24,'Maestría','Maestría en Sistemas Embebidos','2008-08-30'),(25,'Maestría','Maestría en Internet de las Cosas','2009-01-25'),(26,'Doctorado','Doctorado en Algoritmos','2010-08-05'),(27,'Doctorado','Doctorado en Computación Cuántica','2011-01-30'),(28,'Doctorado','Doctorado en Visión por Computadora','2012-08-10'),(29,'Doctorado','Doctorado en Procesamiento de Lenguaje Natural','2013-01-20'),(30,'Doctorado','Doctorado en Robótica','2014-08-15'),(31,'Licenciatura','Ingeniería en Redes y Telecomunicaciones','2000-08-01'),(32,'Licenciatura','Licenciatura en Desarrollo Web','2001-01-15'),(33,'Licenciatura','Ingeniería en Inteligencia Artificial','2002-08-20'),(34,'Licenciatura','Licenciatura en Videojuegos','2003-01-10'),(35,'Licenciatura','Ingeniería en Ciberseguridad','2004-08-15'),(36,'Maestría','Maestría en Cloud Computing','2005-01-20'),(37,'Maestría','Maestría en Blockchain','2006-08-25'),(38,'Maestría','Maestría en Realidad Virtual','2007-01-15'),(39,'Maestría','Maestría en Big Data','2008-08-30'),(40,'Maestría','Maestría en Machine Learning','2009-01-25'),(41,'Doctorado','Doctorado en Teoría de la Computación','2010-08-05'),(42,'Doctorado','Doctorado en Arquitectura de Computadoras','2011-01-30'),(43,'Doctorado','Doctorado en Sistemas Autónomos','2012-08-10'),(44,'Doctorado','Doctorado en Computación Biomédica','2013-01-20'),(45,'Doctorado','Doctorado en Computación Afectiva','2014-08-15'),(46,'Licenciatura','Ingeniería en Computación Gráfica','2000-08-01'),(47,'Licenciatura','Licenciatura en Animación Digital','2001-01-15'),(48,'Licenciatura','Ingeniería en Sistemas Móviles','2002-08-20'),(49,'Licenciatura','Licenciatura en Diseño de Interacción','2003-01-10'),(50,'Licenciatura','Ingeniería en Realidad Virtual','2004-08-15'),(51,'Maestría','Maestría en Interacción Humano-Computadora','2005-01-20'),(52,'Maestría','Maestría en Visualización de Datos','2006-08-25'),(53,'Maestría','Maestría en Computación Creativa','2007-01-15'),(54,'Maestría','Maestría en Sistemas Cognitivos','2008-08-30'),(55,'Maestría','Maestría en Computación Social','2009-01-25'),(56,'Doctorado','Doctorado en Computación Neurológica','2010-08-05'),(57,'Doctorado','Doctorado en Interfaces Cerebro-Computadora','2011-01-30'),(58,'Doctorado','Doctorado en Computación Evolutiva','2012-08-10'),(59,'Doctorado','Doctorado en Sistemas Bioinspirados','2013-01-20'),(60,'Doctorado','Doctorado en Computación Cuántica Aplicada','2014-08-15'),(61,'Licenciatura','Ingeniería en Sistemas de Información','2000-08-01'),(62,'Licenciatura','Licenciatura en Administración de TI','2001-01-15'),(63,'Licenciatura','Ingeniería en Computación Científica','2002-08-20'),(64,'Licenciatura','Licenciatura en Matemáticas Computacionales','2003-01-10'),(65,'Licenciatura','Ingeniería en Bioinformática','2004-08-15'),(66,'Maestría','Maestría en Bioinformática','2005-01-20'),(67,'Maestría','Maestría en Computación Científica','2006-08-25'),(68,'Maestría','Maestría en Matemáticas Aplicadas a la Computación','2007-01-15'),(69,'Maestría','Maestría en Sistemas Complejos','2008-08-30'),(70,'Maestría','Maestría en Modelado y Simulación','2009-01-25'),(71,'Doctorado','Doctorado en Biología Computacional','2010-08-05'),(72,'Doctorado','Doctorado en Física Computacional','2011-01-30'),(73,'Doctorado','Doctorado en Química Computacional','2012-08-10'),(74,'Doctorado','Doctorado en Economía Computacional','2013-01-20'),(75,'Doctorado','Doctorado en Ciencias Sociales Computacionales','2014-08-15'),(76,'Licenciatura','Ingeniería en Sistemas Distribuidos','2000-08-01'),(77,'Licenciatura','Licenciatura en Computación en la Nube','2001-01-15'),(78,'Licenciatura','Ingeniería en Sistemas Paralelos','2002-08-20'),(79,'Licenciatura','Licenciatura en Computación de Alto Rendimiento','2003-01-10'),(80,'Licenciatura','Ingeniería en Sistemas Tolerantes a Fallos','2004-08-15'),(81,'Maestría','Maestría en Computación Paralela','2005-01-20'),(82,'Maestría','Maestría en Sistemas Distribuidos','2006-08-25'),(83,'Maestría','Maestría en Computación de Alto Rendimiento','2007-01-15'),(84,'Maestría','Maestría en Sistemas Autónomos','2008-08-30'),(85,'Maestría','Maestría en Computación Confiable','2009-01-25'),(86,'Doctorado','Doctorado en Sistemas Distribuidos Avanzados','2010-08-05'),(87,'Doctorado','Doctorado en Computación de Alto Rendimiento','2011-01-30'),(88,'Doctorado','Doctorado en Sistemas Autoadaptativos','2012-08-10'),(89,'Doctorado','Doctorado en Computación Autonómica','2013-01-20'),(90,'Doctorado','Doctorado en Sistemas Autoorganizados','2014-08-15'),(91,'Licenciatura','Ingeniería en Computación Visual','2000-08-01'),(92,'Licenciatura','Licenciatura en Procesamiento de Imágenes','2001-01-15'),(93,'Licenciatura','Ingeniería en Sistemas Multimedia','2002-08-20'),(94,'Licenciatura','Licenciatura en Computación Gráfica Avanzada','2003-01-10'),(95,'Licenciatura','Ingeniería en Realidad Aumentada','2004-08-15'),(96,'Maestría','Maestría en Visión por Computadora','2005-01-20'),(97,'Maestría','Maestría en Procesamiento de Imágenes','2006-08-25'),(98,'Maestría','Maestría en Gráficos por Computadora','2007-01-15'),(99,'Maestría','Maestría en Realidad Mixta','2008-08-30'),(100,'Maestría','Maestría en Visualización Científica','2009-01-25'),(101,'Doctorado','Doctorado en Visión Computacional','2010-08-05'),(102,'Doctorado','Doctorado en Procesamiento de Imágenes Médicas','2011-01-30'),(103,'Doctorado','Doctorado en Gráficos Avanzados','2012-08-10'),(104,'Doctorado','Doctorado en Interacción Natural','2013-01-20'),(105,'Doctorado','Doctorado en Visualización de Información','2014-08-15');
/*!40000 ALTER TABLE `programa` ENABLE KEYS */;
UNLOCK TABLES;

--
-- Table structure for table `proyecto`
--

DROP TABLE IF EXISTS `proyecto`;
/*!40101 SET @saved_cs_client     = @@character_set_client */;
/*!50503 SET character_set_client = utf8mb4 */;
CREATE TABLE `proyecto` (
  `idProyecto` int NOT NULL AUTO_INCREMENT,
  `nombre` varchar(250) DEFAULT NULL,
  `inicio` date DEFAULT NULL,
  `final` date DEFAULT NULL,
  `idInvestigador` int DEFAULT NULL,
  PRIMARY KEY (`idProyecto`),
  KEY `idInvestigador` (`idInvestigador`),
  CONSTRAINT `proyecto_ibfk_1` FOREIGN KEY (`idInvestigador`) REFERENCES `investigador` (`idInvestigador`)
) ENGINE=InnoDB AUTO_INCREMENT=101 DEFAULT CHARSET=utf8mb4 COLLATE=utf8mb4_0900_ai_ci;
/*!40101 SET character_set_client = @saved_cs_client */;

--
-- Dumping data for table `proyecto`
--

LOCK TABLES `proyecto` WRITE;
/*!40000 ALTER TABLE `proyecto` DISABLE KEYS */;
INSERT INTO `proyecto` VALUES (1,'Big Data y Análisis Predictivo','2019-01-15','2022-12-31',1),(2,'Metodologías Ágiles para Desarrollo de Software','2020-03-10','2023-06-30',2),(3,'Modelos Matemáticos en IA','2018-05-20','2021-11-15',3),(4,'Simulación Computacional en Física Cuántica','2019-07-12','2022-09-30',4),(5,'Bioinformática Estructural Avanzada','2020-02-18','2023-12-31',5),(6,'Deep Learning para Diagnóstico Médico','2019-04-05','2022-08-20',6),(7,'Seguridad en Redes 5G','2018-09-15','2021-07-30',7),(8,'Métodos Numéricos para Ecuaciones Complejas','2020-01-10','2023-05-15',8),(9,'Nanomateriales y sus Propiedades','2019-03-22','2022-10-31',9),(10,'Genómica y Medicina Personalizada','2018-11-30','2021-12-15',10),(11,'Optimización de Bases de Datos NoSQL','2020-06-18','2023-09-22',11),(12,'Criptografía Post-Cuántica','2019-08-25','2022-07-10',12),(13,'Complejidad Computacional','2018-10-12','2021-11-30',13),(14,'Computación Cuántica Aplicada','2020-04-15','2023-08-18',14),(15,'Diseño Racional de Proteínas','2019-05-30','2022-12-20',15),(16,'Aprendizaje Automático en Salud','2018-12-10','2021-10-15',16),(17,'Sistemas Distribuidos Tolerantes a Fallos','2020-07-22','2023-11-30',17),(18,'Geometría Computacional Aplicada','2019-09-18','2022-08-05',18),(19,'Modelado Estadístico de Sistemas Físicos','2018-06-15','2021-09-22',19),(20,'Circuitos Genéticos Sintéticos','2020-03-05','2023-07-18',20),(21,'Renderizado en Tiempo Real','2019-01-20','2022-06-30',21),(22,'Arquitecturas de Microservicios','2018-08-12','2021-12-10',22),(23,'Topología en Ciencia de Datos','2020-05-15','2023-10-20',23),(24,'Materiales para Computación Cuántica','2019-02-28','2022-09-15',24),(25,'Bioingeniería de Tejidos','2018-10-05','2021-11-30',25),(26,'Procesamiento Avanzado de Lenguaje','2020-06-30','2023-12-31',26),(27,'IoT Industrial','2019-04-18','2022-08-22',27),(28,'Análisis Complejo en Procesamiento de Señales','2018-07-22','2021-10-15',28),(29,'Computación Cuántica con Fotones','2020-02-10','2023-06-30',29),(30,'Aplicaciones de Nanobiotecnología','2019-03-15','2022-07-20',30),(31,'Visión por Computadora en Tiempo Real','2018-09-30','2021-12-15',31),(32,'Robótica Autónoma','2020-05-20','2023-09-30',32),(33,'Teoría de Números en Criptografía','2019-01-12','2022-05-18',33),(34,'Aplicaciones de Física Nuclear','2018-04-15','2021-08-22',34),(35,'Biorremediación Asistida','2020-07-05','2023-11-15',35),(36,'Algoritmos Cuánticos','2019-02-18','2022-06-30',36),(37,'Sistemas Embebidos para Automoción','2018-08-30','2021-12-31',37),(38,'Ecuaciones Diferenciales Aplicadas','2020-04-10','2023-08-15',38),(39,'Teoría de Cuerdas y Computación','2019-06-22','2022-10-30',39),(40,'Biotecnología en Alimentos','2018-11-15','2021-09-20',40),(41,'Realidad Virtual en Terapia','2020-03-01','2023-07-15',41),(42,'Blockchain Aplicado','2019-05-10','2022-09-22',42),(43,'Modelos Probabilísticos en IA','2018-10-20','2021-11-30',43),(44,'Física de Partículas y Big Data','2020-06-15','2023-10-31',44),(45,'Optimización Industrial con IA','2019-01-30','2022-05-15',45),(46,'Ciberseguridad Avanzada','2018-07-12','2021-09-30',46),(47,'Arquitecturas en la Nube','2020-02-25','2023-06-18',47),(48,'Matemáticas Discretas en Criptografía','2019-04-05','2022-08-10',48),(49,'Diagnóstico Médico Computacional','2018-09-18','2021-12-22',49),(50,'Biotecnología Vegetal','2020-05-30','2023-09-15',50),(51,'Análisis de Grandes Datos','2019-03-10','2022-07-20',51),(52,'Redes Neuronales en Visión Artificial','2018-08-15','2021-10-31',52),(53,'Álgebra Lineal en Machine Learning','2020-04-20','2023-08-30',53),(54,'Modelos Atmosféricos','2019-06-05','2022-10-15',54),(55,'Edición Genética Computacional','2018-12-18','2021-11-30',55),(56,'Deep Learning en Imágenes Médicas','2020-07-10','2023-11-20',56),(57,'Sistemas Autónomos para Logística','2019-02-22','2022-06-15',57),(58,'Geometría Diferencial en Física','2018-10-05','2021-12-31',58),(59,'Dinámica de Fluidos Computacional','2020-05-15','2023-09-22',59),(60,'Diseño de Fármacos con Bioinformática','2019-01-18','2022-05-30',60),(61,'Procesamiento de Señales Biomédicas','2018-06-30','2021-10-15',61),(62,'Computación Móvil y Ubicua','2020-03-12','2023-07-25',62),(63,'Grafos en Redes Sociales','2019-07-20','2022-11-30',63),(64,'Materiales para Estado Sólido','2018-11-05','2021-09-18',64),(65,'Biotecnología Marina','2020-06-22','2023-10-15',65),(66,'Sistemas de Recomendación','2019-04-15','2022-08-20',66),(67,'Realidad Aumentada en Educación','2018-09-28','2021-12-10',67),(68,'Análisis Funcional en Señales','2020-02-10','2023-06-18',68),(69,'Modelos Matemáticos en Física','2019-05-25','2022-09-15',69),(70,'Biotecnología de Alimentos','2018-12-15','2021-10-30',70),(71,'Web Semántica y Linked Data','2020-07-30','2023-11-22',71),(72,'Computación en la Nube Empresarial','2019-03-05','2022-07-18',72),(73,'Teoría de Categorías en Programación','2018-08-20','2021-12-15',73),(74,'Física de Plasmas','2020-04-12','2023-08-30',74),(75,'Biotecnología Microbiana','2019-01-15','2022-05-22',75),(76,'Ontologías en IA','2018-06-30','2021-10-15',76),(77,'Sistemas Multiagente para Ciudades','2020-03-18','2023-07-25',77),(78,'Lógica Matemática en Computación','2019-07-05','2022-11-15',78),(79,'Física Estadística en Biología','2018-10-22','2021-12-31',79),(80,'Ingeniería de Proteínas con IA','2020-05-30','2023-09-20',80),(81,'Computación Afectiva','2019-02-12','2022-06-18',81),(82,'Interfaces Cerebro-Computadora','2018-07-25','2021-11-15',82),(83,'Teoría de Conjuntos','2020-04-05','2023-08-10',83),(84,'Física de Altas Energías','2019-08-18','2022-12-22',84),(85,'Enzimas Industriales Computacionales','2018-12-10','2021-10-30',85),(86,'Computación Social','2020-06-22','2023-10-15',86),(87,'Computación Ubicua','2019-04-15','2022-08-20',87),(88,'Teoría de Modelos en Lingüística','2018-09-30','2021-12-15',88),(89,'Semiconductores Cuánticos','2020-05-10','2023-09-18',89),(90,'Biotecnología de Tejidos','2019-01-25','2022-05-30',90),(91,'Humanidades Digitales','2018-06-15','2021-10-22',91),(92,'Computación Verde','2020-03-20','2023-07-30',92),(93,'Teoría de la Medida','2019-07-05','2022-11-15',93),(94,'Física de Polímeros','2018-10-18','2021-12-31',94),(95,'Vacunas Computacionales','2020-04-30','2023-08-22',95),(96,'Arte Generativo','2019-02-15','2022-06-20',96),(97,'Computación Autonómica','2018-08-22','2021-12-10',97),(98,'Teoría de Nudos en Biología','2020-05-18','2023-09-25',98),(99,'Física de Superficies','2019-03-05','2022-07-15',99),(100,'Diagnóstico Molecular','2018-09-12','2021-11-30',100);
/*!40000 ALTER TABLE `proyecto` ENABLE KEYS */;
UNLOCK TABLES;

--
-- Dumping events for database 'ecg'
--

--
-- Dumping routines for database 'ecg'
--
/*!40103 SET TIME_ZONE=@OLD_TIME_ZONE */;

/*!40101 SET SQL_MODE=@OLD_SQL_MODE */;
/*!40014 SET FOREIGN_KEY_CHECKS=@OLD_FOREIGN_KEY_CHECKS */;
/*!40014 SET UNIQUE_CHECKS=@OLD_UNIQUE_CHECKS */;
/*!40101 SET CHARACTER_SET_CLIENT=@OLD_CHARACTER_SET_CLIENT */;
/*!40101 SET CHARACTER_SET_RESULTS=@OLD_CHARACTER_SET_RESULTS */;
/*!40101 SET COLLATION_CONNECTION=@OLD_COLLATION_CONNECTION */;
/*!40111 SET SQL_NOTES=@OLD_SQL_NOTES */;

-- Dump completed on 2025-04-28 13:28:26
